Workbook
Name notional: '1_Inputs'!$B$5
Name recovery: '1_Inputs'!$B$4
Name r_free: '1_Inputs'!$B$3

Sheet 1_Inputs
A1: CDS PRICING MODEL — INPUTS & HAZARD RATES
A2: ── MODEL PARAMETERS ── | D2: Tenor | E2: Spread (bps) | G2: Segment | H2: λ (input/seed) | I2: λ (bps) | J2: Model Spread(bps) | K2: Market Spread(bps)
A3: Risk-free rate (r) | B3: 0.03 | D3: 6m | E3: 70 | G3: 0→6m | H3: 0.011588203 | I3: =H3*10000 -> 115.88203 | J3: ='5_Pricing_Summary'!C3 -> 69.999913 | K3: =E3 -> 70
A4: Recovery rate (R) | B4: 0.4 | D4: 1y | E4: 90 | G4: 6m→1y | H4: 0.010938026 | I4: =H4*10000 -> 109.38026 | J4: ='5_Pricing_Summary'!C4 -> 89.999383 | K4: =E4 -> 90
A5: Notional (N) | B5: 10000000 | D5: 2y | E5: 110 | G5: 1→2y | H5: 0.02111475 | I5: =H5*10000 -> 211.1475 | J5: ='5_Pricing_Summary'!C5 -> 110 | K5: =E5 -> 110
D6: 3y | E6: 130 | G6: 2→3y | H6: 0.028212884 | I6: =H6*10000 -> 282.12884 | J6: ='5_Pricing_Summary'!C6 -> 130 | K6: =E6 -> 130
D7: 5y | E7: 150 | G7: 3→5y | H7: 0.030571282 | I7: =H7*10000 -> 305.71282 | J7: ='5_Pricing_Summary'!C7 -> 149.99998 | K7: =E7 -> 150
G9: To update after changing market spreads: use Excel Solver (Data→Solver) to set Col J = Col K for each tenor by changing Col H. Or use Goal Seek individually per tenor.
G11: HOW TO RECALIBRATE AFTER CHANGING SPREADS
G12: 1. Change market spreads in column E (amber cells).
G13: 2. Go to Data → Solver. Add constraints: J3=K3, J4=K4, J5=K5, J6=K6, J7=K7.
G14: 3. Set 'By Changing Variable Cells' to H3:H7. Click Solve.
G15: 4. All formulas in Sheets 2-6 update automatically.
G16: Alternative: Goal Seek each row individually (Data → What-If → Goal Seek).

Sheet 2_Discount_Factors
A1: DISCOUNT FACTORS — Daily Grid, 5 Years (1825 rows). df(t)=EXP(−r×t)
A2: Day j | B2: t (yrs) | C2: df(t)=EXP(−r×t) | D2: Notes
A3: 0 | B3: =A3/365 -> 0 | C3: =EXP(-r_free*B3) -> 1 | D3: t=0: df=1, Q=1 by definition
A4: 1 | B4: =A4/365 -> 0.002739726 | C4: =EXP(-r_free*B4) -> 0.99991781
A5: 2 | B5: =A5/365 -> 0.0054794521 | C5: =EXP(-r_free*B5) -> 0.99983563
A6: 3 | B6: =A6/365 -> 0.0082191781 | C6: =EXP(-r_free*B6) -> 0.99975346
A7: 4 | B7: =A7/365 -> 0.010958904 | C7: =EXP(-r_free*B7) -> 0.99967129
A8: 5 | B8: =A8/365 -> 0.01369863 | C8: =EXP(-r_free*B8) -> 0.99958913
A9: 6 | B9: =A9/365 -> 0.016438356 | C9: =EXP(-r_free*B9) -> 0.99950697
A10: 7 | B10: =A10/365 -> 0.019178082 | C10: =EXP(-r_free*B10) -> 0.99942482
A11: 8 | B11: =A11/365 -> 0.021917808 | C11: =EXP(-r_free*B11) -> 0.99934268
A12: 9 | B12: =A12/365 -> 0.024657534 | C12: =EXP(-r_free*B12) -> 0.99926055
A13: 10 | B13: =A13/365 -> 0.02739726 | C13: =EXP(-r_free*B13) -> 0.99917842
A14: 11 | B14: =A14/365 -> 0.030136986 | C14: =EXP(-r_free*B14) -> 0.9990963
A15: 12 | B15: =A15/365 -> 0.032876712 | C15: =EXP(-r_free*B15) -> 0.99901418
... A93: 90 | B93: =A93/365 -> 0.24657534 | C93: =EXP(-r_free*B93) -> 0.99263003
A94: 91 | B94: =A94/365 -> 0.24931507 | C94: =EXP(-r_free*B94) -> 0.99254845 | D94: Quarter end Q1
A95: 92 | B95: =A95/365 -> 0.25205479 | C95: =EXP(-r_free*B95) -> 0.99246687
A96: 93 | B96: =A96/365 -> 0.25479452 | C96: =EXP(-r_free*B96) -> 0.9923853
A97: 94 | B97: =A97/365 -> 0.25753425 | C97: =EXP(-r_free*B97) -> 0.99230374
A98: 95 | B98: =A98/365 -> 0.26027397 | C98: =EXP(-r_free*B98) -> 0.99222219
A99: 96 | B99: =A99/365 -> 0.2630137 | C99: =EXP(-r_free*B99) -> 0.99214064
A100: 97 | B100: =A100/365 -> 0.26575342 | C100: =EXP(-r_free*B100) -> 0.99205909
A101: 98 | B101: =A101/365 -> 0.26849315 | C101: =EXP(-r_free*B101) -> 0.99197756
A102: 99 | B102: =A102/365 -> 0.27123288 | C102: =EXP(-r_free*B102) -> 0.99189603
A103: 100 | B103: =A103/365 -> 0.2739726 | C103: =EXP(-r_free*B103) -> 0.99181451
A104: 101 | B104: =A104/365 -> 0.27671233 | C104: =EXP(-r_free*B104) -> 0.99173299
A105: 102 | B105: =A105/365 -> 0.27945205 | C105: =EXP(-r_free*B105) -> 0.99165148
A106: 103 | B106: =A106/365 -> 0.28219178 | C106: =EXP(-r_free*B106) -> 0.99156998
... A184: 181 | B184: =A184/365 -> 0.49589041 | C184: =EXP(-r_free*B184) -> 0.9852334
A185: 182 | B185: =A185/365 -> 0.49863014 | C185: =EXP(-r_free*B185) -> 0.98515242 | D185: Quarter end Q2
A186: 183 | B186: =A186/365 -> 0.50136986 | C186: =EXP(-r_free*B186) -> 0.98507146
A187: 184 | B187: =A187/365 -> 0.50410959 | C187: =EXP(-r_free*B187) -> 0.98499049
A188: 185 | B188: =A188/365 -> 0.50684932 | C188: =EXP(-r_free*B188) -> 0.98490954
A189: 186 | B189: =A189/365 -> 0.50958904 | C189: =EXP(-r_free*B189) -> 0.98482859
A190: 187 | B190: =A190/365 -> 0.51232877 | C190: =EXP(-r_free*B190) -> 0.98474765
A191: 188 | B191: =A191/365 -> 0.51506849 | C191: =EXP(-r_free*B191) -> 0.98466672
A192: 189 | B192: =A192/365 -> 0.51780822 | C192: =EXP(-r_free*B192) -> 0.98458579
A193: 190 | B193: =A193/365 -> 0.52054795 | C193: =EXP(-r_free*B193) -> 0.98450487
A194: 191 | B194: =A194/365 -> 0.52328767 | C194: =EXP(-r_free*B194) -> 0.98442395
A195: 192 | B195: =A195/365 -> 0.5260274 | C195: =EXP(-r_free*B195) -> 0.98434304
A196: 193 | B196: =A196/365 -> 0.52876712 | C196: =EXP(-r_free*B196) -> 0.98426214
A197: 194 | B197: =A197/365 -> 0.53150685 | C197: =EXP(-r_free*B197) -> 0.98418125
... A275: 272 | B275: =A275/365 -> 0.74520548 | C275: =EXP(-r_free*B275) -> 0.97789188
A276: 273 | B276: =A276/365 -> 0.74794521 | C276: =EXP(-r_free*B276) -> 0.97781151 | D276: Quarter end Q3
A277: 274 | B277: =A277/365 -> 0.75068493 | C277: =EXP(-r_free*B277) -> 0.97773115
A278: 275 | B278: =A278/365 -> 0.75342466 | C278: =EXP(-r_free*B278) -> 0.97765079
A279: 276 | B279: =A279/365 -> 0.75616438 | C279: =EXP(-r_free*B279) -> 0.97757044
A280: 277 | B280: =A280/365 -> 0.75890411 | C280: =EXP(-r_free*B280) -> 0.97749009
A281: 278 | B281: =A281/365 -> 0.76164384 | C281: =EXP(-r_free*B281) -> 0.97740975
A282: 279 | B282: =A282/365 -> 0.76438356 | C282: =EXP(-r_free*B282) -> 0.97732942
A283: 280 | B283: =A283/365 -> 0.76712329 | C283: =EXP(-r_free*B283) -> 0.9772491
A284: 281 | B284: =A284/365 -> 0.76986301 | C284: =EXP(-r_free*B284) -> 0.97716878
A285: 282 | B285: =A285/365 -> 0.77260274 | C285: =EXP(-r_free*B285) -> 0.97708847
A286: 283 | B286: =A286/365 -> 0.77534247 | C286: =EXP(-r_free*B286) -> 0.97700816
A287: 284 | B287: =A287/365 -> 0.77808219 | C287: =EXP(-r_free*B287) -> 0.97692786
A288: 285 | B288: =A288/365 -> 0.78082192 | C288: =EXP(-r_free*B288) -> 0.97684757
... A367: 364 | B367: =A367/365 -> 0.99726027 | C367: =EXP(-r_free*B367) -> 0.9705253
A368: 365 | B368: =A368/365 -> 1 | C368: =EXP(-r_free*B368) -> 0.97044553 | D368: Quarter end Q4
A369: 366 | B369: =A369/365 -> 1.0027397 | C369: =EXP(-r_free*B369) -> 0.97036577
A370: 367 | B370: =A370/365 -> 1.0054795 | C370: =EXP(-r_free*B370) -> 0.97028602
A371: 368 | B371: =A371/365 -> 1.0082192 | C371: =EXP(-r_free*B371) -> 0.97020628
A372: 369 | B372: =A372/365 -> 1.0109589 | C372: =EXP(-r_free*B372) -> 0.97012654
A373: 370 | B373: =A373/365 -> 1.0136986 | C373: =EXP(-r_free*B373) -> 0.9700468
A374: 371 | B374: =A374/365 -> 1.0164384 | C374: =EXP(-r_free*B374) -> 0.96996708
A375: 372 | B375: =A375/365 -> 1.0191781 | C375: =EXP(-r_free*B375) -> 0.96988736
A376: 373 | B376: =A376/365 -> 1.0219178 | C376: =EXP(-r_free*B376) -> 0.96980764
A377: 374 | B377: =A377/365 -> 1.0246575 | C377: =EXP(-r_free*B377) -> 0.96972794
A378: 375 | B378: =A378/365 -> 1.0273973 | C378: =EXP(-r_free*B378) -> 0.96964823
A379: 376 | B379: =A379/365 -> 1.030137 | C379: =EXP(-r_free*B379) -> 0.96956854
A380: 377 | B380: =A380/365 -> 1.0328767 | C380: =EXP(-r_free*B380) -> 0.96948885
... A458: 455 | B458: =A458/365 -> 1.2465753 | C458: =EXP(-r_free*B458) -> 0.96329338
A459: 456 | B459: =A459/365 -> 1.2493151 | C459: =EXP(-r_free*B459) -> 0.96321421 | D459: Quarter end Q5
A460: 457 | B460: =A460/365 -> 1.2520548 | C460: =EXP(-r_free*B460) -> 0.96313504
A461: 458 | B461: =A461/365 -> 1.2547945 | C461: =EXP(-r_free*B461) -> 0.96305589
A462: 459 | B462: =A462/365 -> 1.2575342 | C462: =EXP(-r_free*B462) -> 0.96297673
A463: 460 | B463: =A463/365 -> 1.260274 | C463: =EXP(-r_free*B463) -> 0.96289759
A464: 461 | B464: =A464/365 -> 1.2630137 | C464: =EXP(-r_free*B464) -> 0.96281845
A465: 462 | B465: =A465/365 -> 1.2657534 | C465: =EXP(-r_free*B465) -> 0.96273932
A466: 463 | B466: =A466/365 -> 1.2684932 | C466: =EXP(-r_free*B466) -> 0.96266019
A467: 464 | B467: =A467/365 -> 1.2712329 | C467: =EXP(-r_free*B467) -> 0.96258107
A468: 465 | B468: =A468/365 -> 1.2739726 | C468: =EXP(-r_free*B468) -> 0.96250196
A469: 466 | B469: =A469/365 -> 1.2767123 | C469: =EXP(-r_free*B469) -> 0.96242285
A470: 467 | B470: =A470/365 -> 1.2794521 | C470: =EXP(-r_free*B470) -> 0.96234375
A471: 468 | B471: =A471/365 -> 1.2821918 | C471: =EXP(-r_free*B471) -> 0.96226466
... A549: 546 | B549: =A549/365 -> 1.4958904 | C549: =EXP(-r_free*B549) -> 0.95611535
A550: 547 | B550: =A550/365 -> 1.4986301 | C550: =EXP(-r_free*B550) -> 0.95603677 | D550: Quarter end Q6
A551: 548 | B551: =A551/365 -> 1.5013699 | C551: =EXP(-r_free*B551) -> 0.9559582
A552: 549 | B552: =A552/365 -> 1.5041096 | C552: =EXP(-r_free*B552) -> 0.95587963
A553: 550 | B553: =A553/365 -> 1.5068493 | C553: =EXP(-r_free*B553) -> 0.95580106
A554: 551 | B554: =A554/365 -> 1.509589 | C554: =EXP(-r_free*B554) -> 0.95572251
A555: 552 | B555: =A555/365 -> 1.5123288 | C555: =EXP(-r_free*B555) -> 0.95564396
A556: 553 | B556: =A556/365 -> 1.5150685 | C556: =EXP(-r_free*B556) -> 0.95556542
A557: 554 | B557: =A557/365 -> 1.5178082 | C557: =EXP(-r_free*B557) -> 0.95548688
A558: 555 | B558: =A558/365 -> 1.5205479 | C558: =EXP(-r_free*B558) -> 0.95540835
A559: 556 | B559: =A559/365 -> 1.5232877 | C559: =EXP(-r_free*B559) -> 0.95532983
A560: 557 | B560: =A560/365 -> 1.5260274 | C560: =EXP(-r_free*B560) -> 0.95525131
A561: 558 | B561: =A561/365 -> 1.5287671 | C561: =EXP(-r_free*B561) -> 0.9551728
A562: 559 | B562: =A562/365 -> 1.5315068 | C562: =EXP(-r_free*B562) -> 0.95509429
... A640: 637 | B640: =A640/365 -> 1.7452055 | C640: =EXP(-r_free*B640) -> 0.94899081
...

Sheet 3_Survival_Probs
A1: SURVIVAL PROBABILITIES Q(t) — Daily. Piecewise: Q(t)=Q(t_prev)×EXP(−λₖ×Δt)
A2: Day j | B2: t (yrs) | C2: λ applicable | D2: Q(t) | E2: Notes
A3: 0 | B3: =A3/365 -> 0 | C3: ='1_Inputs'!$H$3 -> 0.011588203 | D3: =1 -> 1 | E3: Q(0)=1 by definition
A4: 1 | B4: =A4/365 -> 0.002739726 | C4: ='1_Inputs'!$H$3 -> 0.011588203 | D4: =D3*EXP(-'1_Inputs'!$H$3*(1/365)) -> 0.99996825
A5: 2 | B5: =A5/365 -> 0.0054794521 | C5: ='1_Inputs'!$H$3 -> 0.011588203 | D5: =D4*EXP(-'1_Inputs'!$H$3*(1/365)) -> 0.99993651
A6: 3 | B6: =A6/365 -> 0.0082191781 | C6: ='1_Inputs'!$H$3 -> 0.011588203 | D6: =D5*EXP(-'1_Inputs'!$H$3*(1/365)) -> 0.99990476
A7: 4 | B7: =A7/365 -> 0.010958904 | C7: ='1_Inputs'!$H$3 -> 0.011588203 | D7: =D6*EXP(-'1_Inputs'!$H$3*(1/365)) -> 0.99987301
A8: 5 | B8: =A8/365 -> 0.01369863 | C8: ='1_Inputs'!$H$3 -> 0.011588203 | D8: =D7*EXP(-'1_Inputs'!$H$3*(1/365)) -> 0.99984127
A9: 6 | B9: =A9/365 -> 0.016438356 | C9: ='1_Inputs'!$H$3 -> 0.011588203 | D9: =D8*EXP(-'1_Inputs'!$H$3*(1/365)) -> 0.99980953
A10: 7 | B10: =A10/365 -> 0.019178082 | C10: ='1_Inputs'!$H$3 -> 0.011588203 | D10: =D9*EXP(-'1_Inputs'!$H$3*(1/365)) -> 0.99977779
A11: 8 | B11: =A11/365 -> 0.021917808 | C11: ='1_Inputs'!$H$3 -> 0.011588203 | D11: =D10*EXP(-'1_Inputs'!$H$3*(1/365)) -> 0.99974604
A12: 9 | B12: =A12/365 -> 0.024657534 | C12: ='1_Inputs'!$H$3 -> 0.011588203 | D12: =D11*EXP(-'1_Inputs'!$H$3*(1/365)) -> 0.9997143
A13: 10 | B13: =A13/365 -> 0.02739726 | C13: ='1_Inputs'!$H$3 -> 0.011588203 | D13: =D12*EXP(-'1_Inputs'!$H$3*(1/365)) -> 0.99968257
A14: 11 | B14: =A14/365 -> 0.030136986 | C14: ='1_Inputs'!$H$3 -> 0.011588203 | D14: =D13*EXP(-'1_Inputs'!$H$3*(1/365)) -> 0.99965083
A15: 12 | B15: =A15/365 -> 0.032876712 | C15: ='1_Inputs'!$H$3 -> 0.011588203 | D15: =D14*EXP(-'1_Inputs'!$H$3*(1/365)) -> 0.99961909
... A93: 90 | B93: =A93/365 -> 0.24657534 | C93: ='1_Inputs'!$H$3 -> 0.011588203 | D93: =D92*EXP(-'1_Inputs'!$H$3*(1/365)) -> 0.99714671
A94: 91 | B94: =A94/365 -> 0.24931507 | C94: ='1_Inputs'!$H$3 -> 0.011588203 | D94: =D93*EXP(-'1_Inputs'!$H$3*(1/365)) -> 0.99711506 | E94: Quarter end
A95: 92 | B95: =A95/365 -> 0.25205479 | C95: ='1_Inputs'!$H$3 -> 0.011588203 | D95: =D94*EXP(-'1_Inputs'!$H$3*(1/365)) -> 0.9970834
A96: 93 | B96: =A96/365 -> 0.25479452 | C96: ='1_Inputs'!$H$3 -> 0.011588203 | D96: =D95*EXP(-'1_Inputs'!$H$3*(1/365)) -> 0.99705174
A97: 94 | B97: =A97/365 -> 0.25753425 | C97: ='1_Inputs'!$H$3 -> 0.011588203 | D97: =D96*EXP(-'1_Inputs'!$H$3*(1/365)) -> 0.99702009
A98: 95 | B98: =A98/365 -> 0.26027397 | C98: ='1_Inputs'!$H$3 -> 0.011588203 | D98: =D97*EXP(-'1_Inputs'!$H$3*(1/365)) -> 0.99698844
A99: 96 | B99: =A99/365 -> 0.2630137 | C99: ='1_Inputs'!$H$3 -> 0.011588203 | D99: =D98*EXP(-'1_Inputs'!$H$3*(1/365)) -> 0.99695678
A100: 97 | B100: =A100/365 -> 0.26575342 | C100: ='1_Inputs'!$H$3 -> 0.011588203 | D100: =D99*EXP(-'1_Inputs'!$H$3*(1/365)) -> 0.99692513
A101: 98 | B101: =A101/365 -> 0.26849315 | C101: ='1_Inputs'!$H$3 -> 0.011588203 | D101: =D100*EXP(-'1_Inputs'!$H$3*(1/365)) -> 0.99689348
A102: 99 | B102: =A102/365 -> 0.27123288 | C102: ='1_Inputs'!$H$3 -> 0.011588203 | D102: =D101*EXP(-'1_Inputs'!$H$3*(1/365)) -> 0.99686183
A103: 100 | B103: =A103/365 -> 0.2739726 | C103: ='1_Inputs'!$H$3 -> 0.011588203 | D103: =D102*EXP(-'1_Inputs'!$H$3*(1/365)) -> 0.99683018
A104: 101 | B104: =A104/365 -> 0.27671233 | C104: ='1_Inputs'!$H$3 -> 0.011588203 | D104: =D103*EXP(-'1_Inputs'!$H$3*(1/365)) -> 0.99679854
A105: 102 | B105: =A105/365 -> 0.27945205 | C105: ='1_Inputs'!$H$3 -> 0.011588203 | D105: =D104*EXP(-'1_Inputs'!$H$3*(1/365)) -> 0.99676689
A106: 103 | B106: =A106/365 -> 0.28219178 | C106: ='1_Inputs'!$H$3 -> 0.011588203 | D106: =D105*EXP(-'1_Inputs'!$H$3*(1/365)) -> 0.99673525
... A184: 181 | B184: =A184/365 -> 0.49589041 | C184: ='1_Inputs'!$H$3 -> 0.011588203 | D184: =D183*EXP(-'1_Inputs'!$H$3*(1/365)) -> 0.99427
A185: 182 | B185: =A185/365 -> 0.49863014 | C185: ='1_Inputs'!$H$3 -> 0.011588203 | D185: =D184*EXP(-'1_Inputs'!$H$3*(1/365)) -> 0.99423843 | E185: Quarter end
A186: 183 | B186: =A186/365 -> 0.50136986 | C186: ='1_Inputs'!$H$3 -> 0.011588203 | D186: =D185*EXP(-'1_Inputs'!$H$3*(1/365)) -> 0.99420687 | E186: λ changes: 0→6m ends, 6m→1y begins
A187: 184 | B187: =A187/365 -> 0.50410959 | C187: ='1_Inputs'!$H$4 -> 0.010938026 | D187: =D186*EXP(-'1_Inputs'!$H$4*(1/365)) -> 0.99417708
A188: 185 | B188: =A188/365 -> 0.50684932 | C188: ='1_Inputs'!$H$4 -> 0.010938026 | D188: =D187*EXP(-'1_Inputs'!$H$4*(1/365)) -> 0.99414728
A189: 186 | B189: =A189/365 -> 0.50958904 | C189: ='1_Inputs'!$H$4 -> 0.010938026 | D189: =D188*EXP(-'1_Inputs'!$H$4*(1/365)) -> 0.99411749
A190: 187 | B190: =A190/365 -> 0.51232877 | C190: ='1_Inputs'!$H$4 -> 0.010938026 | D190: =D189*EXP(-'1_Inputs'!$H$4*(1/365)) -> 0.9940877
A191: 188 | B191: =A191/365 -> 0.51506849 | C191: ='1_Inputs'!$H$4 -> 0.010938026 | D191: =D190*EXP(-'1_Inputs'!$H$4*(1/365)) -> 0.99405791
A192: 189 | B192: =A192/365 -> 0.51780822 | C192: ='1_Inputs'!$H$4 -> 0.010938026 | D192: =D191*EXP(-'1_Inputs'!$H$4*(1/365)) -> 0.99402812
A193: 190 | B193: =A193/365 -> 0.52054795 | C193: ='1_Inputs'!$H$4 -> 0.010938026 | D193: =D192*EXP(-'1_Inputs'!$H$4*(1/365)) -> 0.99399834
A194: 191 | B194: =A194/365 -> 0.52328767 | C194: ='1_Inputs'!$H$4 -> 0.010938026 | D194: =D193*EXP(-'1_Inputs'!$H$4*(1/365)) -> 0.99396855
A195: 192 | B195: =A195/365 -> 0.5260274 | C195: ='1_Inputs'!$H$4 -> 0.010938026 | D195: =D194*EXP(-'1_Inputs'!$H$4*(1/365)) -> 0.99393876
A196: 193 | B196: =A196/365 -> 0.52876712 | C196: ='1_Inputs'!$H$4 -> 0.010938026 | D196: =D195*EXP(-'1_Inputs'!$H$4*(1/365)) -> 0.99390898
A197: 194 | B197: =A197/365 -> 0.53150685 | C197: ='1_Inputs'!$H$4 -> 0.010938026 | D197: =D196*EXP(-'1_Inputs'!$H$4*(1/365)) -> 0.99387919
A198: 195 | B198: =A198/365 -> 0.53424658 | C198: ='1_Inputs'!$H$4 -> 0.010938026 | D198: =D197*EXP(-'1_Inputs'!$H$4*(1/365)) -> 0.99384941
... A275: 272 | B275: =A275/365 -> 0.74520548 | C275: ='1_Inputs'!$H$4 -> 0.010938026 | D275: =D274*EXP(-'1_Inputs'!$H$4*(1/365)) -> 0.99155877
A276: 273 | B276: =A276/365 -> 0.74794521 | C276: ='1_Inputs'!$H$4 -> 0.010938026 | D276: =D275*EXP(-'1_Inputs'!$H$4*(1/365)) -> 0.99152906 | E276: Quarter end
A277: 274 | B277: =A277/365 -> 0.75068493 | C277: ='1_Inputs'!$H$4 -> 0.010938026 | D277: =D276*EXP(-'1_Inputs'!$H$4*(1/365)) -> 0.99149935
A278: 275 | B278: =A278/365 -> 0.75342466 | C278: ='1_Inputs'!$H$4 -> 0.010938026 | D278: =D277*EXP(-'1_Inputs'!$H$4*(1/365)) -> 0.99146963
A279: 276 | B279: =A279/365 -> 0.75616438 | C279: ='1_Inputs'!$H$4 -> 0.010938026 | D279: =D278*EXP(-'1_Inputs'!$H$4*(1/365)) -> 0.99143992
A280: 277 | B280: =A280/365 -> 0.75890411 | C280: ='1_Inputs'!$H$4 -> 0.010938026 | D280: =D279*EXP(-'1_Inputs'!$H$4*(1/365)) -> 0.99141021
A281: 278 | B281: =A281/365 -> 0.76164384 | C281: ='1_Inputs'!$H$4 -> 0.010938026 | D281: =D280*EXP(-'1_Inputs'!$H$4*(1/365)) -> 0.9913805
A282: 279 | B282: =A282/365 -> 0.76438356 | C282: ='1_Inputs'!$H$4 -> 0.010938026 | D282: =D281*EXP(-'1_Inputs'!$H$4*(1/365)) -> 0.99135079
A283: 280 | B283: =A283/365 -> 0.76712329 | C283: ='1_Inputs'!$H$4 -> 0.010938026 | D283: =D282*EXP(-'1_Inputs'!$H$4*(1/365)) -> 0.99132109
A284: 281 | B284: =A284/365 -> 0.76986301 | C284: ='1_Inputs'!$H$4 -> 0.010938026 | D284: =D283*EXP(-'1_Inputs'!$H$4*(1/365)) -> 0.99129138
A285: 282 | B285: =A285/365 -> 0.77260274 | C285: ='1_Inputs'!$H$4 -> 0.010938026 | D285: =D284*EXP(-'1_Inputs'!$H$4*(1/365)) -> 0.99126167
A286: 283 | B286: =A286/365 -> 0.77534247 | C286: ='1_Inputs'!$H$4 -> 0.010938026 | D286: =D285*EXP(-'1_Inputs'!$H$4*(1/365)) -> 0.99123197
A287: 284 | B287: =A287/365 -> 0.77808219 | C287: ='1_Inputs'!$H$4 -> 0.010938026 | D287: =D286*EXP(-'1_Inputs'!$H$4*(1/365)) -> 0.99120227
A288: 285 | B288: =A288/365 -> 0.78082192 | C288: ='1_Inputs'!$H$4 -> 0.010938026 | D288: =D287*EXP(-'1_Inputs'!$H$4*(1/365)) -> 0.99117256
... A367: 364 | B367: =A367/365 -> 0.99726027 | C367: ='1_Inputs'!$H$4 -> 0.010938026 | D367: =D366*EXP(-'1_Inputs'!$H$4*(1/365)) -> 0.98882883
A368: 365 | B368: =A368/365 -> 1 | C368: ='1_Inputs'!$H$4 -> 0.010938026 | D368: =D367*EXP(-'1_Inputs'!$H$4*(1/365)) -> 0.9887992 | E368: λ changes: 6m→1y ends, 1→2y begins
A369: 366 | B369: =A369/365 -> 1.0027397 | C369: ='1_Inputs'!$H$5 -> 0.02111475 | D369: =D368*EXP(-'1_Inputs'!$H$5*(1/365)) -> 0.988742
A370: 367 | B370: =A370/365 -> 1.0054795 | C370: ='1_Inputs'!$H$5 -> 0.02111475 | D370: =D369*EXP(-'1_Inputs'!$H$5*(1/365)) -> 0.9886848
A371: 368 | B371: =A371/365 -> 1.0082192 | C371: ='1_Inputs'!$H$5 -> 0.02111475 | D371: =D370*EXP(-'1_Inputs'!$H$5*(1/365)) -> 0.98862761
A372: 369 | B372: =A372/365 -> 1.0109589 | C372: ='1_Inputs'!$H$5 -> 0.02111475 | D372: =D371*EXP(-'1_Inputs'!$H$5*(1/365)) -> 0.98857042
A373: 370 | B373: =A373/365 -> 1.0136986 | C373: ='1_Inputs'!$H$5 -> 0.02111475 | D373: =D372*EXP(-'1_Inputs'!$H$5*(1/365)) -> 0.98851323
A374: 371 | B374: =A374/365 -> 1.0164384 | C374: ='1_Inputs'!$H$5 -> 0.02111475 | D374: =D373*EXP(-'1_Inputs'!$H$5*(1/365)) -> 0.98845605
A375: 372 | B375: =A375/365 -> 1.0191781 | C375: ='1_Inputs'!$H$5 -> 0.02111475 | D375: =D374*EXP(-'1_Inputs'!$H$5*(1/365)) -> 0.98839887
A376: 373 | B376: =A376/365 -> 1.0219178 | C376: ='1_Inputs'!$H$5 -> 0.02111475 | D376: =D375*EXP(-'1_Inputs'!$H$5*(1/365)) -> 0.9883417
A377: 374 | B377: =A377/365 -> 1.0246575 | C377: ='1_Inputs'!$H$5 -> 0.02111475 | D377: =D376*EXP(-'1_Inputs'!$H$5*(1/365)) -> 0.98828452
A378: 375 | B378: =A378/365 -> 1.0273973 | C378: ='1_Inputs'!$H$5 -> 0.02111475 | D378: =D377*EXP(-'1_Inputs'!$H$5*(1/365)) -> 0.98822735
A379: 376 | B379: =A379/365 -> 1.030137 | C379: ='1_Inputs'!$H$5 -> 0.02111475 | D379: =D378*EXP(-'1_Inputs'!$H$5*(1/365)) -> 0.98817019
A380: 377 | B380: =A380/365 -> 1.0328767 | C380: ='1_Inputs'!$H$5 -> 0.02111475 | D380: =D379*EXP(-'1_Inputs'!$H$5*(1/365)) -> 0.98811303
... A458: 455 | B458: =A458/365 -> 1.2465753 | C458: ='1_Inputs'!$H$5 -> 0.02111475 | D458: =D457*EXP(-'1_Inputs'!$H$5*(1/365)) -> 0.98366451
A459: 456 | B459: =A459/365 -> 1.2493151 | C459: ='1_Inputs'!$H$5 -> 0.02111475 | D459: =D458*EXP(-'1_Inputs'!$H$5*(1/365)) -> 0.98360761 | E459: Quarter end
A460: 457 | B460: =A460/365 -> 1.2520548 | C460: ='1_Inputs'!$H$5 -> 0.02111475 | D460: =D459*EXP(-'1_Inputs'!$H$5*(1/365)) -> 0.98355071
A461: 458 | B461: =A461/365 -> 1.2547945 | C461: ='1_Inputs'!$H$5 -> 0.02111475 | D461: =D460*EXP(-'1_Inputs'!$H$5*(1/365)) -> 0.98349382
A462: 459 | B462: =A462/365 -> 1.2575342 | C462: ='1_Inputs'!$H$5 -> 0.02111475 | D462: =D461*EXP(-'1_Inputs'!$H$5*(1/365)) -> 0.98343692
A463: 460 | B463: =A463/365 -> 1.260274 | C463: ='1_Inputs'!$H$5 -> 0.02111475 | D463: =D462*EXP(-'1_Inputs'!$H$5*(1/365)) -> 0.98338004
A464: 461 | B464: =A464/365 -> 1.2630137 | C464: ='1_Inputs'!$H$5 -> 0.02111475 | D464: =D463*EXP(-'1_Inputs'!$H$5*(1/365)) -> 0.98332315
A465: 462 | B465: =A465/365 -> 1.2657534 | C465: ='1_Inputs'!$H$5 -> 0.02111475 | D465: =D464*EXP(-'1_Inputs'!$H$5*(1/365)) -> 0.98326627
A466: 463 | B466: =A466/365 -> 1.2684932 | C466: ='1_Inputs'!$H$5 -> 0.02111475 | D466: =D465*EXP(-'1_Inputs'!$H$5*(1/365)) -> 0.98320939
A467: 464 | B467: =A467/365 -> 1.2712329 | C467: ='1_Inputs'!$H$5 -> 0.02111475 | D467: =D466*EXP(-'1_Inputs'!$H$5*(1/365)) -> 0.98315251
A468: 465 | B468: =A468/365 -> 1.2739726 | C468: ='1_Inputs'!$H$5 -> 0.02111475 | D468: =D467*EXP(-'1_Inputs'!$H$5*(1/365)) -> 0.98309564
A469: 466 | B469: =A469/365 -> 1.2767123 | C469: ='1_Inputs'!$H$5 -> 0.02111475 | D469: =D468*EXP(-'1_Inputs'!$H$5*(1/365)) -> 0.98303877
A470: 467 | B470: =A470/365 -> 1.2794521 | C470: ='1_Inputs'!$H$5 -> 0.02111475 | D470: =D469*EXP(-'1_Inputs'!$H$5*(1/365)) -> 0.98298191
A471: 468 | B471: =A471/365 -> 1.2821918 | C471: ='1_Inputs'!$H$5 -> 0.02111475 | D471: =D470*EXP(-'1_Inputs'!$H$5*(1/365)) -> 0.98292504
... A549: 546 | B549: =A549/365 -> 1.4958904 | C549: ='1_Inputs'!$H$5 -> 0.02111475 | D549: =D548*EXP(-'1_Inputs'!$H$5*(1/365)) -> 0.97849989
A550: 547 | B550: =A550/365 -> 1.4986301 | C550: ='1_Inputs'!$H$5 -> 0.02111475 | D550: =D549*EXP(-'1_Inputs'!$H$5*(1/365)) -> 0.97844328 | E550: Quarter end
A551: 548 | B551: =A551/365 -> 1.5013699 | C551: ='1_Inputs'!$H$5 -> 0.02111475 | D551: =D550*EXP(-'1_Inputs'!$H$5*(1/365)) -> 0.97838668
A552: 549 | B552: =A552/365 -> 1.5041096 | C552: ='1_Inputs'!$H$5 -> 0.02111475 | D552: =D551*EXP(-'1_Inputs'!$H$5*(1/365)) -> 0.97833009
A553: 550 | B553: =A553/365 -> 1.5068493 | C553: ='1_Inputs'!$H$5 -> 0.02111475 | D553: =D552*EXP(-'1_Inputs'!$H$5*(1/365)) -> 0.97827349
A554: 551 | B554: =A554/365 -> 1.509589 | C554: ='1_Inputs'!$H$5 -> 0.02111475 | D554: =D553*EXP(-'1_Inputs'!$H$5*(1/365)) -> 0.9782169
A555: 552 | B555: =A555/365 -> 1.5123288 | C555: ='1_Inputs'!$H$5 -> 0.02111475 | D555: =D554*EXP(-'1_Inputs'!$H$5*(1/365)) -> 0.97816032
A556: 553 | B556: =A556/365 -> 1.5150685 | C556: ='1_Inputs'!$H$5 -> 0.02111475 | D556: =D555*EXP(-'1_Inputs'!$H$5*(1/365)) -> 0.97810373
A557: 554 | B557: =A557/365 -> 1.5178082 | C557: ='1_Inputs'!$H$5 -> 0.02111475 | D557: =D556*EXP(-'1_Inputs'!$H$5*(1/365)) -> 0.97804715
A558: 555 | B558: =A558/365 -> 1.5205479 | C558: ='1_Inputs'!$H$5 -> 0.02111475 | D558: =D557*EXP(-'1_Inputs'!$H$5*(1/365)) -> 0.97799058
A559: 556 | B559: =A559/365 -> 1.5232877 | C559: ='1_Inputs'!$H$5 -> 0.02111475 | D559: =D558*EXP(-'1_Inputs'!$H$5*(1/365)) -> 0.977934
A560: 557 | B560: =A560/365 -> 1.5260274 | C560: ='1_Inputs'!$H$5 -> 0.02111475 | D560: =D559*EXP(-'1_Inputs'!$H$5*(1/365)) -> 0.97787743
A561: 558 | B561: =A561/365 -> 1.5287671 | C561: ='1_Inputs'!$H$5 -> 0.02111475 | D561: =D560*EXP(-'1_Inputs'!$H$5*(1/365)) -> 0.97782086
A562: 559 | B562: =A562/365 -> 1.5315068 | C562: ='1_Inputs'!$H$5 -> 0.02111475 | D562: =D561*EXP(-'1_Inputs'!$H$5*(1/365)) -> 0.9777643
...

Sheet 4_Daily_Contributions
A1: DAILY LEG CONTRIBUTIONS — Each row = one calendar day
A2: Day j | B2: t (yrs) | C2: df(mid) | D2: Q(t−1) | E2: Q(t) | F2: dQ=Q(t−1)−Q(t) | G2: Protection contrib | H2: Accrual contrib | I2: Qtr?
A3: 1 | B3: ='2_Discount_Factors'!B4 -> 0.002739726 | C3: =EXP(-r_free*(('2_Discount_Factors'!B3+'2_Discount_Factors'!B4)/2)) -> 0.9999589 | D3: ='3_Survival_Probs'!D3 -> 1 | E3: ='3_Survival_Probs'!D4 -> 0.99996825 | F3: =D3-E3 -> 3.1747998e-05 | G3: =(1-recovery)*notional*C3*F3 -> 190.48016 | H3: =C3*(B3-0)*F3 -> 8.6977243e-08
A4: 2 | B4: ='2_Discount_Factors'!B5 -> 0.0054794521 | C4: =EXP(-r_free*(('2_Discount_Factors'!B4+'2_Discount_Factors'!B5)/2)) -> 0.99987672 | D4: ='3_Survival_Probs'!D4 -> 0.99996825 | E4: ='3_Survival_Probs'!D5 -> 0.99993651 | F4: =D4-E4 -> 3.174699e-05 | G4: =(1-recovery)*notional*C4*F4 -> 190.45846 | H4: =C4*(B4-0)*F4 -> 1.7393467e-07
A5: 3 | B5: ='2_Discount_Factors'!B6 -> 0.0082191781 | C5: =EXP(-r_free*(('2_Discount_Factors'!B5+'2_Discount_Factors'!B6)/2)) -> 0.99979454 | D5: ='3_Survival_Probs'!D5 -> 0.99993651 | E5: ='3_Survival_Probs'!D6 -> 0.99990476 | F5: =D5-E5 -> 3.1745982e-05 | G5: =(1-recovery)*notional*C5*F5 -> 190.43676 | H5: =C5*(B5-0)*F5 -> 2.6087227e-07
A6: 4 | B6: ='2_Discount_Factors'!B7 -> 0.010958904 | C6: =EXP(-r_free*(('2_Discount_Factors'!B6+'2_Discount_Factors'!B7)/2)) -> 0.99971237 | D6: ='3_Survival_Probs'!D6 -> 0.99990476 | E6: ='3_Survival_Probs'!D7 -> 0.99987301 | F6: =D6-E6 -> 3.1744975e-05 | G6: =(1-recovery)*notional*C6*F6 -> 190.41506 | H6: =C6*(B6-0)*F6 -> 3.4779007e-07
A7: 5 | B7: ='2_Discount_Factors'!B8 -> 0.01369863 | C7: =EXP(-r_free*(('2_Discount_Factors'!B7+'2_Discount_Factors'!B8)/2)) -> 0.99963021 | D7: ='3_Survival_Probs'!D7 -> 0.99987301 | E7: ='3_Survival_Probs'!D8 -> 0.99984127 | F7: =D7-E7 -> 3.1743967e-05 | G7: =(1-recovery)*notional*C7*F7 -> 190.39337 | H7: =C7*(B7-0)*F7 -> 4.3468805e-07
A8: 6 | B8: ='2_Discount_Factors'!B9 -> 0.016438356 | C8: =EXP(-r_free*(('2_Discount_Factors'!B8+'2_Discount_Factors'!B9)/2)) -> 0.99954805 | D8: ='3_Survival_Probs'!D8 -> 0.99984127 | E8: ='3_Survival_Probs'!D9 -> 0.99980953 | F8: =D8-E8 -> 3.1742959e-05 | G8: =(1-recovery)*notional*C8*F8 -> 190.37168 | H8: =C8*(B8-0)*F8 -> 5.2156623e-07
A9: 7 | B9: ='2_Discount_Factors'!B10 -> 0.019178082 | C9: =EXP(-r_free*(('2_Discount_Factors'!B9+'2_Discount_Factors'!B10)/2)) -> 0.9994659 | D9: ='3_Survival_Probs'!D9 -> 0.99980953 | E9: ='3_Survival_Probs'!D10 -> 0.99977779 | F9: =D9-E9 -> 3.1741951e-05 | G9: =(1-recovery)*notional*C9*F9 -> 190.34999 | H9: =C9*(B9-0)*F9 -> 6.0842461e-07
A10: 8 | B10: ='2_Discount_Factors'!B11 -> 0.021917808 | C10: =EXP(-r_free*(('2_Discount_Factors'!B10+'2_Discount_Factors'!B11)/2)) -> 0.99938375 | D10: ='3_Survival_Probs'!D10 -> 0.99977779 | E10: ='3_Survival_Probs'!D11 -> 0.99974604 | F10: =D10-E10 -> 3.1740943e-05 | G10: =(1-recovery)*notional*C10*F10 -> 190.3283 | H10: =C10*(B10-0)*F10 -> 6.9526319e-07
A11: 9 | B11: ='2_Discount_Factors'!B12 -> 0.024657534 | C11: =EXP(-r_free*(('2_Discount_Factors'!B11+'2_Discount_Factors'!B12)/2)) -> 0.99930161 | D11: ='3_Survival_Probs'!D11 -> 0.99974604 | E11: ='3_Survival_Probs'!D12 -> 0.9997143 | F11: =D11-E11 -> 3.1739936e-05 | G11: =(1-recovery)*notional*C11*F11 -> 190.30661 | H11: =C11*(B11-0)*F11 -> 7.8208197e-07
A12: 10 | B12: ='2_Discount_Factors'!B13 -> 0.02739726 | C12: =EXP(-r_free*(('2_Discount_Factors'!B12+'2_Discount_Factors'!B13)/2)) -> 0.99921948 | D12: ='3_Survival_Probs'!D12 -> 0.9997143 | E12: ='3_Survival_Probs'!D13 -> 0.99968257 | F12: =D12-E12 -> 3.1738928e-05 | G12: =(1-recovery)*notional*C12*F12 -> 190.28493 | H12: =C12*(B12-0)*F12 -> 8.6888096e-07
A13: 11 | B13: ='2_Discount_Factors'!B14 -> 0.030136986 | C13: =EXP(-r_free*(('2_Discount_Factors'!B13+'2_Discount_Factors'!B14)/2)) -> 0.99913736 | D13: ='3_Survival_Probs'!D13 -> 0.99968257 | E13: ='3_Survival_Probs'!D14 -> 0.99965083 | F13: =D13-E13 -> 3.173792e-05 | G13: =(1-recovery)*notional*C13*F13 -> 190.26325 | H13: =C13*(B13-0)*F13 -> 9.5566017e-07
A14: 12 | B14: ='2_Discount_Factors'!B15 -> 0.032876712 | C14: =EXP(-r_free*(('2_Discount_Factors'!B14+'2_Discount_Factors'!B15)/2)) -> 0.99905524 | D14: ='3_Survival_Probs'!D14 -> 0.99965083 | E14: ='3_Survival_Probs'!D15 -> 0.99961909 | F14: =D14-E14 -> 3.1736913e-05 | G14: =(1-recovery)*notional*C14*F14 -> 190.24157 | H14: =C14*(B14-0)*F14 -> 1.0424196e-06
... A92: 90 | B92: ='2_Discount_Factors'!B93 -> 0.24657534 | C92: =EXP(-r_free*(('2_Discount_Factors'!B92+'2_Discount_Factors'!B93)/2)) -> 0.99267083 | D92: ='3_Survival_Probs'!D92 -> 0.99717837 | E92: ='3_Survival_Probs'!D93 -> 0.99714671 | F92: =D92-E92 -> 3.1658417e-05 | G92: =(1-recovery)*notional*C92*F92 -> 188.55832 | H92: =C92*(B92-0)*F92 -> 7.7489722e-06
A93: 91 | B93: ='2_Discount_Factors'!B94 -> 0.24931507 | C93: =EXP(-r_free*(('2_Discount_Factors'!B93+'2_Discount_Factors'!B94)/2)) -> 0.99258924 | D93: ='3_Survival_Probs'!D93 -> 0.99714671 | E93: ='3_Survival_Probs'!D94 -> 0.99711506 | F93: =D93-E93 -> 3.1657412e-05 | G93: =(1-recovery)*notional*C93*F93 -> 188.53684 | H93: =C93*(B93-0)*F93 -> 7.8341792e-06 | I93: YES
A94: 92 | B94: ='2_Discount_Factors'!B95 -> 0.25205479 | C94: =EXP(-r_free*(('2_Discount_Factors'!B94+'2_Discount_Factors'!B95)/2)) -> 0.99250766 | D94: ='3_Survival_Probs'!D94 -> 0.99711506 | E94: ='3_Survival_Probs'!D95 -> 0.9970834 | F94: =D94-E94 -> 3.1656407e-05 | G94: =(1-recovery)*notional*C94*F94 -> 188.51536 | H94: =C94*(B94-0.249315068493151)*F94 -> 8.6080073e-08
A95: 93 | B95: ='2_Discount_Factors'!B96 -> 0.25479452 | C95: =EXP(-r_free*(('2_Discount_Factors'!B95+'2_Discount_Factors'!B96)/2)) -> 0.99242609 | D95: ='3_Survival_Probs'!D95 -> 0.9970834 | E95: ='3_Survival_Probs'!D96 -> 0.99705174 | F95: =D95-E95 -> 3.1655402e-05 | G95: =(1-recovery)*notional*C95*F95 -> 188.49388 | H95: =C95*(B95-0.249315068493151)*F95 -> 1.7214053e-07
A96: 94 | B96: ='2_Discount_Factors'!B97 -> 0.25753425 | C96: =EXP(-r_free*(('2_Discount_Factors'!B96+'2_Discount_Factors'!B97)/2)) -> 0.99234452 | D96: ='3_Survival_Probs'!D96 -> 0.99705174 | E96: ='3_Survival_Probs'!D97 -> 0.99702009 | F96: =D96-E96 -> 3.1654397e-05 | G96: =(1-recovery)*notional*C96*F96 -> 188.4724 | H96: =C96*(B96-0.249315068493151)*F96 -> 2.5818138e-07
A97: 95 | B97: ='2_Discount_Factors'!B98 -> 0.26027397 | C97: =EXP(-r_free*(('2_Discount_Factors'!B97+'2_Discount_Factors'!B98)/2)) -> 0.99226296 | D97: ='3_Survival_Probs'!D97 -> 0.99702009 | E97: ='3_Survival_Probs'!D98 -> 0.99698844 | F97: =D97-E97 -> 3.1653392e-05 | G97: =(1-recovery)*notional*C97*F97 -> 188.45093 | H97: =C97*(B97-0.249315068493151)*F97 -> 3.4420261e-07
A98: 96 | B98: ='2_Discount_Factors'!B99 -> 0.2630137 | C98: =EXP(-r_free*(('2_Discount_Factors'!B98+'2_Discount_Factors'!B99)/2)) -> 0.99218141 | D98: ='3_Survival_Probs'!D98 -> 0.99698844 | E98: ='3_Survival_Probs'!D99 -> 0.99695678 | F98: =D98-E98 -> 3.1652387e-05 | G98: =(1-recovery)*notional*C98*F98 -> 188.42946 | H98: =C98*(B98-0.249315068493151)*F98 -> 4.3020425e-07
A99: 97 | B99: ='2_Discount_Factors'!B100 -> 0.26575342 | C99: =EXP(-r_free*(('2_Discount_Factors'!B99+'2_Discount_Factors'!B100)/2)) -> 0.99209986 | D99: ='3_Survival_Probs'!D99 -> 0.99695678 | E99: ='3_Survival_Probs'!D100 -> 0.99692513 | F99: =D99-E99 -> 3.1651382e-05 | G99: =(1-recovery)*notional*C99*F99 -> 188.40799 | H99: =C99*(B99-0.249315068493151)*F99 -> 5.1618628e-07
A100: 98 | B100: ='2_Discount_Factors'!B101 -> 0.26849315 | C100: =EXP(-r_free*(('2_Discount_Factors'!B100+'2_Discount_Factors'!B101)/2)) -> 0.99201833 | D100: ='3_Survival_Probs'!D100 -> 0.99692513 | E100: ='3_Survival_Probs'!D101 -> 0.99689348 | F100: =D100-E100 -> 3.1650377e-05 | G100: =(1-recovery)*notional*C100*F100 -> 188.38653 | H100: =C100*(B100-0.249315068493151)*F100 -> 6.0214871e-07
A101: 99 | B101: ='2_Discount_Factors'!B102 -> 0.27123288 | C101: =EXP(-r_free*(('2_Discount_Factors'!B101+'2_Discount_Factors'!B102)/2)) -> 0.99193679 | D101: ='3_Survival_Probs'!D101 -> 0.99689348 | E101: ='3_Survival_Probs'!D102 -> 0.99686183 | F101: =D101-E101 -> 3.1649373e-05 | G101: =(1-recovery)*notional*C101*F101 -> 188.36506 | H101: =C101*(B101-0.249315068493151)*F101 -> 6.8809155e-07
A102: 100 | B102: ='2_Discount_Factors'!B103 -> 0.2739726 | C102: =EXP(-r_free*(('2_Discount_Factors'!B102+'2_Discount_Factors'!B103)/2)) -> 0.99185527 | D102: ='3_Survival_Probs'!D102 -> 0.99686183 | E102: ='3_Survival_Probs'!D103 -> 0.99683018 | F102: =D102-E102 -> 3.1648368e-05 | G102: =(1-recovery)*notional*C102*F102 -> 188.3436 | H102: =C102*(B102-0.249315068493151)*F102 -> 7.740148e-07
A103: 101 | B103: ='2_Discount_Factors'!B104 -> 0.27671233 | C103: =EXP(-r_free*(('2_Discount_Factors'!B103+'2_Discount_Factors'!B104)/2)) -> 0.99177375 | D103: ='3_Survival_Probs'!D103 -> 0.99683018 | E103: ='3_Survival_Probs'!D104 -> 0.99679854 | F103: =D103-E103 -> 3.1647363e-05 | G103: =(1-recovery)*notional*C103*F103 -> 188.32214 | H103: =C103*(B103-0.249315068493151)*F103 -> 8.5991846e-07
A104: 102 | B104: ='2_Discount_Factors'!B105 -> 0.27945205 | C104: =EXP(-r_free*(('2_Discount_Factors'!B104+'2_Discount_Factors'!B105)/2)) -> 0.99169224 | D104: ='3_Survival_Probs'!D104 -> 0.99679854 | E104: ='3_Survival_Probs'!D105 -> 0.99676689 | F104: =D104-E104 -> 3.1646358e-05 | G104: =(1-recovery)*notional*C104*F104 -> 188.30069 | H104: =C104*(B104-0.249315068493151)*F104 -> 9.4580253e-07
A105: 103 | B105: ='2_Discount_Factors'!B106 -> 0.28219178 | C105: =EXP(-r_free*(('2_Discount_Factors'!B105+'2_Discount_Factors'!B106)/2)) -> 0.99161073 | D105: ='3_Survival_Probs'!D105 -> 0.99676689 | E105: ='3_Survival_Probs'!D106 -> 0.99673525 | F105: =D105-E105 -> 3.1645354e-05 | G105: =(1-recovery)*notional*C105*F105 -> 188.27923 | H105: =C105*(B105-0.249315068493151)*F105 -> 1.031667e-06
... A183: 181 | B183: ='2_Discount_Factors'!B184 -> 0.49589041 | C183: =EXP(-r_free*(('2_Discount_Factors'!B183+'2_Discount_Factors'!B184)/2)) -> 0.98527389 | D183: ='3_Survival_Probs'!D183 -> 0.99430157 | E183: ='3_Survival_Probs'!D184 -> 0.99427 | F183: =D183-E183 -> 3.1567084e-05 | G183: =(1-recovery)*notional*C183*F183 -> 186.61334 | H183: =C183*(B183-0.249315068493151)*F183 -> 7.6690415e-06
A184: 182 | B184: ='2_Discount_Factors'!B185 -> 0.49863014 | C184: =EXP(-r_free*(('2_Discount_Factors'!B184+'2_Discount_Factors'!B185)/2)) -> 0.98519291 | D184: ='3_Survival_Probs'!D184 -> 0.99427 | E184: ='3_Survival_Probs'!D185 -> 0.99423843 | F184: =D184-E184 -> 3.1566082e-05 | G184: =(1-recovery)*notional*C184*F184 -> 186.59208 | H184: =C184*(B184-0.249315068493151)*F184 -> 7.7533696e-06 | I184: YES
A185: 183 | B185: ='2_Discount_Factors'!B186 -> 0.50136986 | C185: =EXP(-r_free*(('2_Discount_Factors'!B185+'2_Discount_Factors'!B186)/2)) -> 0.98511194 | D185: ='3_Survival_Probs'!D185 -> 0.99423843 | E185: ='3_Survival_Probs'!D186 -> 0.99420687 | F185: =D185-E185 -> 3.156508e-05 | G185: =(1-recovery)*notional*C185*F185 -> 186.57082 | H185: =C185*(B185-0.498630136986301)*F185 -> 8.5192157e-08
A186: 184 | B186: ='2_Discount_Factors'!B187 -> 0.50410959 | C186: =EXP(-r_free*(('2_Discount_Factors'!B186+'2_Discount_Factors'!B187)/2)) -> 0.98503097 | D186: ='3_Survival_Probs'!D186 -> 0.99420687 | E186: ='3_Survival_Probs'!D187 -> 0.99417708 | F186: =D186-E186 -> 2.9793144e-05 | G186: =(1-recovery)*notional*C186*F186 -> 176.08302 | H186: =C186*(B186-0.498630136986301)*F186 -> 1.6080641e-07
A187: 185 | B187: ='2_Discount_Factors'!B188 -> 0.50684932 | C187: =EXP(-r_free*(('2_Discount_Factors'!B187+'2_Discount_Factors'!B188)/2)) -> 0.98495002 | D187: ='3_Survival_Probs'!D187 -> 0.99417708 | E187: ='3_Survival_Probs'!D188 -> 0.99414728 | F187: =D187-E187 -> 2.9792251e-05 | G187: =(1-recovery)*notional*C187*F187 -> 176.06327 | H187: =C187*(B187-0.498630136986301)*F187 -> 2.4118256e-07
A188: 186 | B188: ='2_Discount_Factors'!B189 -> 0.50958904 | C188: =EXP(-r_free*(('2_Discount_Factors'!B188+'2_Discount_Factors'!B189)/2)) -> 0.98486907 | D188: ='3_Survival_Probs'!D188 -> 0.99414728 | E188: ='3_Survival_Probs'!D189 -> 0.99411749 | F188: =D188-E188 -> 2.9791359e-05 | G188: =(1-recovery)*notional*C188*F188 -> 176.04353 | H188: =C188*(B188-0.498630136986301)*F188 -> 3.2154069e-07
A189: 187 | B189: ='2_Discount_Factors'!B190 -> 0.51232877 | C189: =EXP(-r_free*(('2_Discount_Factors'!B189+'2_Discount_Factors'!B190)/2)) -> 0.98478812 | D189: ='3_Survival_Probs'!D189 -> 0.99411749 | E189: ='3_Survival_Probs'!D190 -> 0.9940877 | F189: =D189-E189 -> 2.9790466e-05 | G189: =(1-recovery)*notional*C189*F189 -> 176.02378 | H189: =C189*(B189-0.498630136986301)*F189 -> 4.0188078e-07
A190: 188 | B190: ='2_Discount_Factors'!B191 -> 0.51506849 | C190: =EXP(-r_free*(('2_Discount_Factors'!B190+'2_Discount_Factors'!B191)/2)) -> 0.98470718 | D190: ='3_Survival_Probs'!D190 -> 0.9940877 | E190: ='3_Survival_Probs'!D191 -> 0.99405791 | F190: =D190-E190 -> 2.9789573e-05 | G190: =(1-recovery)*notional*C190*F190 -> 176.00404 | H190: =C190*(B190-0.498630136986301)*F190 -> 4.8220285e-07
A191: 189 | B191: ='2_Discount_Factors'!B192 -> 0.51780822 | C191: =EXP(-r_free*(('2_Discount_Factors'!B191+'2_Discount_Factors'!B192)/2)) -> 0.98462625 | D191: ='3_Survival_Probs'!D191 -> 0.99405791 | E191: ='3_Survival_Probs'!D192 -> 0.99402812 | F191: =D191-E191 -> 2.9788681e-05 | G191: =(1-recovery)*notional*C191*F191 -> 175.9843 | H191: =C191*(B191-0.498630136986301)*F191 -> 5.625069e-07
A192: 190 | B192: ='2_Discount_Factors'!B193 -> 0.52054795 | C192: =EXP(-r_free*(('2_Discount_Factors'!B192+'2_Discount_Factors'!B193)/2)) -> 0.98454533 | D192: ='3_Survival_Probs'!D192 -> 0.99402812 | E192: ='3_Survival_Probs'!D193 -> 0.99399834 | F192: =D192-E192 -> 2.9787788e-05 | G192: =(1-recovery)*notional*C192*F192 -> 175.96456 | H192: =C192*(B192-0.498630136986301)*F192 -> 6.4279293e-07
A193: 191 | B193: ='2_Discount_Factors'!B194 -> 0.52328767 | C193: =EXP(-r_free*(('2_Discount_Factors'!B193+'2_Discount_Factors'!B194)/2)) -> 0.98446441 | D193: ='3_Survival_Probs'!D193 -> 0.99399834 | E193: ='3_Survival_Probs'!D194 -> 0.99396855 | F193: =D193-E193 -> 2.9786895e-05 | G193: =(1-recovery)*notional*C193*F193 -> 175.94483 | H193: =C193*(B193-0.498630136986301)*F193 -> 7.2306094e-07
A194: 192 | B194: ='2_Discount_Factors'!B195 -> 0.5260274 | C194: =EXP(-r_free*(('2_Discount_Factors'!B194+'2_Discount_Factors'!B195)/2)) -> 0.9843835 | D194: ='3_Survival_Probs'!D194 -> 0.99396855 | E194: ='3_Survival_Probs'!D195 -> 0.99393876 | F194: =D194-E194 -> 2.9786003e-05 | G194: =(1-recovery)*notional*C194*F194 -> 175.9251 | H194: =C194*(B194-0.498630136986301)*F194 -> 8.0331094e-07
A195: 193 | B195: ='2_Discount_Factors'!B196 -> 0.52876712 | C195: =EXP(-r_free*(('2_Discount_Factors'!B195+'2_Discount_Factors'!B196)/2)) -> 0.98430259 | D195: ='3_Survival_Probs'!D195 -> 0.99393876 | E195: ='3_Survival_Probs'!D196 -> 0.99390898 | F195: =D195-E195 -> 2.978511e-05 | G195: =(1-recovery)*notional*C195*F195 -> 175.90537 | H195: =C195*(B195-0.498630136986301)*F195 -> 8.8354293e-07
A196: 194 | B196: ='2_Discount_Factors'!B197 -> 0.53150685 | C196: =EXP(-r_free*(('2_Discount_Factors'!B196+'2_Discount_Factors'!B197)/2)) -> 0.98422169 | D196: ='3_Survival_Probs'!D196 -> 0.99390898 | E196: ='3_Survival_Probs'!D197 -> 0.99387919 | F196: =D196-E196 -> 2.9784217e-05 | G196: =(1-recovery)*notional*C196*F196 -> 175.88564 | H196: =C196*(B196-0.498630136986301)*F196 -> 9.6375692e-07
... A274: 272 | B274: ='2_Discount_Factors'!B275 -> 0.74520548 | C274: =EXP(-r_free*(('2_Discount_Factors'!B274+'2_Discount_Factors'!B275)/2)) -> 0.97793207 | D274: ='3_Survival_Probs'!D274 -> 0.99158849 | E274: ='3_Survival_Probs'!D275 -> 0.99155877 | F274: =D274-E274 -> 2.971468e-05 | G274: =(1-recovery)*notional*C274*F274 -> 174.35363 | H274: =C274*(B274-0.498630136986301)*F274 -> 7.1652177e-06
A275: 273 | B275: ='2_Discount_Factors'!B276 -> 0.74794521 | C275: =EXP(-r_free*(('2_Discount_Factors'!B275+'2_Discount_Factors'!B276)/2)) -> 0.9778517 | D275: ='3_Survival_Probs'!D275 -> 0.99155877 | E275: ='3_Survival_Probs'!D276 -> 0.99152906 | F275: =D275-E275 -> 2.9713789e-05 | G275: =(1-recovery)*notional*C275*F275 -> 174.33408 | H275: =C275*(B275-0.498630136986301)*F275 -> 7.2440187e-06 | I275: YES
A276: 274 | B276: ='2_Discount_Factors'!B277 -> 0.75068493 | C276: =EXP(-r_free*(('2_Discount_Factors'!B276+'2_Discount_Factors'!B277)/2)) -> 0.97777133 | D276: ='3_Survival_Probs'!D276 -> 0.99152906 | E276: ='3_Survival_Probs'!D277 -> 0.99149935 | F276: =D276-E276 -> 2.9712899e-05 | G276: =(1-recovery)*notional*C276*F276 -> 174.31452 | H276: =C276*(B276-0.747945205479452)*F276 -> 7.9595673e-08
A277: 275 | B277: ='2_Discount_Factors'!B278 -> 0.75342466 | C277: =EXP(-r_free*(('2_Discount_Factors'!B277+'2_Discount_Factors'!B278)/2)) -> 0.97769097 | D277: ='3_Survival_Probs'!D277 -> 0.99149935 | E277: ='3_Survival_Probs'!D278 -> 0.99146963 | F277: =D277-E277 -> 2.9712009e-05 | G277: =(1-recovery)*notional*C277*F277 -> 174.29497 | H277: =C277*(B277-0.747945205479452)*F277 -> 1.5917349e-07
A278: 276 | B278: ='2_Discount_Factors'!B279 -> 0.75616438 | C278: =EXP(-r_free*(('2_Discount_Factors'!B278+'2_Discount_Factors'!B279)/2)) -> 0.97761061 | D278: ='3_Survival_Probs'!D278 -> 0.99146963 | E278: ='3_Survival_Probs'!D279 -> 0.99143992 | F278: =D278-E278 -> 2.9711118e-05 | G278: =(1-recovery)*notional*C278*F278 -> 174.27543 | H278: =C278*(B278-0.747945205479452)*F278 -> 2.3873346e-07
A279: 277 | B279: ='2_Discount_Factors'!B280 -> 0.75890411 | C279: =EXP(-r_free*(('2_Discount_Factors'!B279+'2_Discount_Factors'!B280)/2)) -> 0.97753026 | D279: ='3_Survival_Probs'!D279 -> 0.99143992 | E279: ='3_Survival_Probs'!D280 -> 0.99141021 | F279: =D279-E279 -> 2.9710228e-05 | G279: =(1-recovery)*notional*C279*F279 -> 174.25588 | H279: =C279*(B279-0.747945205479452)*F279 -> 3.1827558e-07
A280: 278 | B280: ='2_Discount_Factors'!B281 -> 0.76164384 | C280: =EXP(-r_free*(('2_Discount_Factors'!B280+'2_Discount_Factors'!B281)/2)) -> 0.97744992 | D280: ='3_Survival_Probs'!D280 -> 0.99141021 | E280: ='3_Survival_Probs'!D281 -> 0.9913805 | F280: =D280-E280 -> 2.9709338e-05 | G280: =(1-recovery)*notional*C280*F280 -> 174.23634 | H280: =C280*(B280-0.747945205479452)*F280 -> 3.9779986e-07
A281: 279 | B281: ='2_Discount_Factors'!B282 -> 0.76438356 | C281: =EXP(-r_free*(('2_Discount_Factors'!B281+'2_Discount_Factors'!B282)/2)) -> 0.97736959 | D281: ='3_Survival_Probs'!D281 -> 0.9913805 | E281: ='3_Survival_Probs'!D282 -> 0.99135079 | F281: =D281-E281 -> 2.9708447e-05 | G281: =(1-recovery)*notional*C281*F281 -> 174.2168 | H281: =C281*(B281-0.747945205479452)*F281 -> 4.7730629e-07
A282: 280 | B282: ='2_Discount_Factors'!B283 -> 0.76712329 | C282: =EXP(-r_free*(('2_Discount_Factors'!B282+'2_Discount_Factors'!B283)/2)) -> 0.97728926 | D282: ='3_Survival_Probs'!D282 -> 0.99135079 | E282: ='3_Survival_Probs'!D283 -> 0.99132109 | F282: =D282-E282 -> 2.9707557e-05 | G282: =(1-recovery)*notional*C282*F282 -> 174.19726 | H282: =C282*(B282-0.747945205479452)*F282 -> 5.5679489e-07
A283: 281 | B283: ='2_Discount_Factors'!B284 -> 0.76986301 | C283: =EXP(-r_free*(('2_Discount_Factors'!B283+'2_Discount_Factors'!B284)/2)) -> 0.97720894 | D283: ='3_Survival_Probs'!D283 -> 0.99132109 | E283: ='3_Survival_Probs'!D284 -> 0.99129138 | F283: =D283-E283 -> 2.9706667e-05 | G283: =(1-recovery)*notional*C283*F283 -> 174.17772 | H283: =C283*(B283-0.747945205479452)*F283 -> 6.3626565e-07
A284: 282 | B284: ='2_Discount_Factors'!B285 -> 0.77260274 | C284: =EXP(-r_free*(('2_Discount_Factors'!B284+'2_Discount_Factors'!B285)/2)) -> 0.97712862 | D284: ='3_Survival_Probs'!D284 -> 0.99129138 | E284: ='3_Survival_Probs'!D285 -> 0.99126167 | F284: =D284-E284 -> 2.9705777e-05 | G284: =(1-recovery)*notional*C284*F284 -> 174.15819 | H284: =C284*(B284-0.747945205479452)*F284 -> 7.1571858e-07
A285: 283 | B285: ='2_Discount_Factors'!B286 -> 0.77534247 | C285: =EXP(-r_free*(('2_Discount_Factors'!B285+'2_Discount_Factors'!B286)/2)) -> 0.97704831 | D285: ='3_Survival_Probs'!D285 -> 0.99126167 | E285: ='3_Survival_Probs'!D286 -> 0.99123197 | F285: =D285-E285 -> 2.9704886e-05 | G285: =(1-recovery)*notional*C285*F285 -> 174.13865 | H285: =C285*(B285-0.747945205479452)*F285 -> 7.9515367e-07
A286: 284 | B286: ='2_Discount_Factors'!B287 -> 0.77808219 | C286: =EXP(-r_free*(('2_Discount_Factors'!B286+'2_Discount_Factors'!B287)/2)) -> 0.97696801 | D286: ='3_Survival_Probs'!D286 -> 0.99123197 | E286: ='3_Survival_Probs'!D287 -> 0.99120227 | F286: =D286-E286 -> 2.9703996e-05 | G286: =(1-recovery)*notional*C286*F286 -> 174.11912 | H286: =C286*(B286-0.747945205479452)*F286 -> 8.7457095e-07
A287: 285 | B287: ='2_Discount_Factors'!B288 -> 0.78082192 | C287: =EXP(-r_free*(('2_Discount_Factors'!B287+'2_Discount_Factors'!B288)/2)) -> 0.97688772 | D287: ='3_Survival_Probs'!D287 -> 0.99120227 | E287: ='3_Survival_Probs'!D288 -> 0.99117256 | F287: =D287-E287 -> 2.9703106e-05 | G287: =(1-recovery)*notional*C287*F287 -> 174.0996 | H287: =C287*(B287-0.747945205479452)*F287 -> 9.5397039e-07
... A366: 364 | B366: ='2_Discount_Factors'!B367 -> 0.99726027 | C366: =EXP(-r_free*(('2_Discount_Factors'!B366+'2_Discount_Factors'!B367)/2)) -> 0.97056518 | D366: ='3_Survival_Probs'!D366 -> 0.98885846 | E366: ='3_Survival_Probs'!D367 -> 0.98882883 | F366: =D366-E366 -> 2.963287e-05 | G366: =(1-recovery)*notional*C366*F366 -> 172.56379 | H366: =C366*(B366-0.747945205479452)*F366 -> 7.1704589e-06
A367: 365 | B367: ='2_Discount_Factors'!B368 -> 1 | C367: =EXP(-r_free*(('2_Discount_Factors'!B367+'2_Discount_Factors'!B368)/2)) -> 0.97048542 | D367: ='3_Survival_Probs'!D367 -> 0.98882883 | E367: ='3_Survival_Probs'!D368 -> 0.9887992 | F367: =D367-E367 -> 2.9631982e-05 | G367: =(1-recovery)*notional*C367*F367 -> 172.54444 | H367: =C367*(B367-0.747945205479452)*F367 -> 7.2484421e-06 | I367: YES
A368: 366 | B368: ='2_Discount_Factors'!B369 -> 1.0027397 | C368: =EXP(-r_free*(('2_Discount_Factors'!B368+'2_Discount_Factors'!B369)/2)) -> 0.97040565 | D368: ='3_Survival_Probs'!D368 -> 0.9887992 | E368: ='3_Survival_Probs'!D369 -> 0.988742 | F368: =D368-E368 -> 5.7199026e-05 | G368: =(1-recovery)*notional*C368*F368 -> 333.03755 | H368: =C368*(B368-1)*F368 -> 1.5207194e-07
A369: 367 | B369: ='2_Discount_Factors'!B370 -> 1.0054795 | C369: =EXP(-r_free*(('2_Discount_Factors'!B369+'2_Discount_Factors'!B370)/2)) -> 0.9703259 | D369: ='3_Survival_Probs'!D369 -> 0.988742 | E369: ='3_Survival_Probs'!D370 -> 0.9886848 | F369: =D369-E369 -> 5.7195717e-05 | G369: =(1-recovery)*notional*C369*F369 -> 332.99091 | H369: =C369*(B369-1)*F369 -> 3.0410129e-07
A370: 368 | B370: ='2_Discount_Factors'!B371 -> 1.0082192 | C370: =EXP(-r_free*(('2_Discount_Factors'!B370+'2_Discount_Factors'!B371)/2)) -> 0.97024615 | D370: ='3_Survival_Probs'!D370 -> 0.9886848 | E370: ='3_Survival_Probs'!D371 -> 0.98862761 | F370: =D370-E370 -> 5.7192408e-05 | G370: =(1-recovery)*notional*C370*F370 -> 332.94428 | H370: =C370*(B370-1)*F370 -> 4.5608806e-07
A371: 369 | B371: ='2_Discount_Factors'!B372 -> 1.0109589 | C371: =EXP(-r_free*(('2_Discount_Factors'!B371+'2_Discount_Factors'!B372)/2)) -> 0.9701664 | D371: ='3_Survival_Probs'!D371 -> 0.98862761 | E371: ='3_Survival_Probs'!D372 -> 0.98857042 | F371: =D371-E371 -> 5.71891e-05 | G371: =(1-recovery)*notional*C371*F371 -> 332.89766 | H371: =C371*(B371-1)*F371 -> 6.0803226e-07
A372: 370 | B372: ='2_Discount_Factors'!B373 -> 1.0136986 | C372: =EXP(-r_free*(('2_Discount_Factors'!B372+'2_Discount_Factors'!B373)/2)) -> 0.97008667 | D372: ='3_Survival_Probs'!D372 -> 0.98857042 | E372: ='3_Survival_Probs'!D373 -> 0.98851323 | F372: =D372-E372 -> 5.7185792e-05 | G372: =(1-recovery)*notional*C372*F372 -> 332.85104 | H372: =C372*(B372-1)*F372 -> 7.5993389e-07
A373: 371 | B373: ='2_Discount_Factors'!B374 -> 1.0164384 | C373: =EXP(-r_free*(('2_Discount_Factors'!B373+'2_Discount_Factors'!B374)/2)) -> 0.97000694 | D373: ='3_Survival_Probs'!D373 -> 0.98851323 | E373: ='3_Survival_Probs'!D374 -> 0.98845605 | F373: =D373-E373 -> 5.7182484e-05 | G373: =(1-recovery)*notional*C373*F373 -> 332.80444 | H373: =C373*(B373-1)*F373 -> 9.1179297e-07
A374: 372 | B374: ='2_Discount_Factors'!B375 -> 1.0191781 | C374: =EXP(-r_free*(('2_Discount_Factors'!B374+'2_Discount_Factors'!B375)/2)) -> 0.96992721 | D374: ='3_Survival_Probs'!D374 -> 0.98845605 | E374: ='3_Survival_Probs'!D375 -> 0.98839887 | F374: =D374-E374 -> 5.7179176e-05 | G374: =(1-recovery)*notional*C374*F374 -> 332.75783 | H374: =C374*(B374-1)*F374 -> 1.0636095e-06
A375: 373 | B375: ='2_Discount_Factors'!B376 -> 1.0219178 | C375: =EXP(-r_free*(('2_Discount_Factors'!B375+'2_Discount_Factors'!B376)/2)) -> 0.9698475 | D375: ='3_Survival_Probs'!D375 -> 0.98839887 | E375: ='3_Survival_Probs'!D376 -> 0.9883417 | F375: =D375-E375 -> 5.7175868e-05 | G375: =(1-recovery)*notional*C375*F375 -> 332.71124 | H375: =C375*(B375-1)*F375 -> 1.2153835e-06
A376: 374 | B376: ='2_Discount_Factors'!B377 -> 1.0246575 | C376: =EXP(-r_free*(('2_Discount_Factors'!B376+'2_Discount_Factors'!B377)/2)) -> 0.96976779 | D376: ='3_Survival_Probs'!D376 -> 0.9883417 | E376: ='3_Survival_Probs'!D377 -> 0.98828452 | F376: =D376-E376 -> 5.7172561e-05 | G376: =(1-recovery)*notional*C376*F376 -> 332.66465 | H376: =C376*(B376-1)*F376 -> 1.367115e-06
A377: 375 | B377: ='2_Discount_Factors'!B378 -> 1.0273973 | C377: =EXP(-r_free*(('2_Discount_Factors'!B377+'2_Discount_Factors'!B378)/2)) -> 0.96968808 | D377: ='3_Survival_Probs'!D377 -> 0.98828452 | E377: ='3_Survival_Probs'!D378 -> 0.98822735 | F377: =D377-E377 -> 5.7169254e-05 | G377: =(1-recovery)*notional*C377*F377 -> 332.61806 | H377: =C377*(B377-1)*F377 -> 1.5188039e-06
A378: 376 | B378: ='2_Discount_Factors'!B379 -> 1.030137 | C378: =EXP(-r_free*(('2_Discount_Factors'!B378+'2_Discount_Factors'!B379)/2)) -> 0.96960839 | D378: ='3_Survival_Probs'!D378 -> 0.98822735 | E378: ='3_Survival_Probs'!D379 -> 0.98817019 | F378: =D378-E378 -> 5.7165946e-05 | G378: =(1-recovery)*notional*C378*F378 -> 332.57149 | H378: =C378*(B378-1)*F378 -> 1.6704504e-06
A379: 377 | B379: ='2_Discount_Factors'!B380 -> 1.0328767 | C379: =EXP(-r_free*(('2_Discount_Factors'!B379+'2_Discount_Factors'!B380)/2)) -> 0.9695287 | D379: ='3_Survival_Probs'!D379 -> 0.98817019 | E379: ='3_Survival_Probs'!D380 -> 0.98811303 | F379: =D379-E379 -> 5.716264e-05 | G379: =(1-recovery)*notional*C379*F379 -> 332.52492 | H379: =C379*(B379-1)*F379 -> 1.8220543e-06
... A457: 455 | B457: ='2_Discount_Factors'!B458 -> 1.2465753 | C457: =EXP(-r_free*(('2_Discount_Factors'!B457+'2_Discount_Factors'!B458)/2)) -> 0.96333297 | D457: ='3_Survival_Probs'!D457 -> 0.98372142 | E457: ='3_Survival_Probs'!D458 -> 0.98366451 | F457: =D457-E457 -> 5.6905292e-05 | G457: =(1-recovery)*notional*C457*F457 -> 328.91246 | H457: =C457*(B457-1)*F457 -> 1.351695e-05
A458: 456 | B458: ='2_Discount_Factors'!B459 -> 1.2493151 | C458: =EXP(-r_free*(('2_Discount_Factors'!B458+'2_Discount_Factors'!B459)/2)) -> 0.96325379 | D458: ='3_Survival_Probs'!D458 -> 0.98366451 | E458: ='3_Survival_Probs'!D459 -> 0.98360761 | F458: =D458-E458 -> 5.6902e-05 | G458: =(1-recovery)*notional*C458*F458 -> 328.8664 | H458: =C458*(B458-1)*F458 -> 1.3665225e-05 | I458: YES
A459: 457 | B459: ='2_Discount_Factors'!B460 -> 1.2520548 | C459: =EXP(-r_free*(('2_Discount_Factors'!B459+'2_Discount_Factors'!B460)/2)) -> 0.96317463 | D459: ='3_Survival_Probs'!D459 -> 0.98360761 | E459: ='3_Survival_Probs'!D460 -> 0.98355071 | F459: =D459-E459 -> 5.6898708e-05 | G459: =(1-recovery)*notional*C459*F459 -> 328.82035 | H459: =C459*(B459-1.24931506849315)*F459 -> 1.5014628e-07
A460: 458 | B460: ='2_Discount_Factors'!B461 -> 1.2547945 | C460: =EXP(-r_free*(('2_Discount_Factors'!B460+'2_Discount_Factors'!B461)/2)) -> 0.96309546 | D460: ='3_Survival_Probs'!D460 -> 0.98355071 | E460: ='3_Survival_Probs'!D461 -> 0.98349382 | F460: =D460-E460 -> 5.6895417e-05 | G460: =(1-recovery)*notional*C460*F460 -> 328.77431 | H460: =C460*(B460-1.24931506849315)*F460 -> 3.0025051e-07
A461: 459 | B461: ='2_Discount_Factors'!B462 -> 1.2575342 | C461: =EXP(-r_free*(('2_Discount_Factors'!B461+'2_Discount_Factors'!B462)/2)) -> 0.96301631 | D461: ='3_Survival_Probs'!D461 -> 0.98349382 | E461: ='3_Survival_Probs'!D462 -> 0.98343692 | F461: =D461-E461 -> 5.6892126e-05 | G461: =(1-recovery)*notional*C461*F461 -> 328.72827 | H461: =C461*(B461-1.24931506849315)*F461 -> 4.503127e-07
A462: 460 | B462: ='2_Discount_Factors'!B463 -> 1.260274 | C462: =EXP(-r_free*(('2_Discount_Factors'!B462+'2_Discount_Factors'!B463)/2)) -> 0.96293716 | D462: ='3_Survival_Probs'!D462 -> 0.98343692 | E462: ='3_Survival_Probs'!D463 -> 0.98338004 | F462: =D462-E462 -> 5.6888835e-05 | G462: =(1-recovery)*notional*C462*F462 -> 328.68224 | H462: =C462*(B462-1.24931506849315)*F462 -> 6.0033285e-07
A463: 461 | B463: ='2_Discount_Factors'!B464 -> 1.2630137 | C463: =EXP(-r_free*(('2_Discount_Factors'!B463+'2_Discount_Factors'!B464)/2)) -> 0.96285802 | D463: ='3_Survival_Probs'!D463 -> 0.98338004 | E463: ='3_Survival_Probs'!D464 -> 0.98332315 | F463: =D463-E463 -> 5.6885544e-05 | G463: =(1-recovery)*notional*C463*F463 -> 328.63621 | H463: =C463*(B463-1.24931506849315)*F463 -> 7.5031099e-07
A464: 462 | B464: ='2_Discount_Factors'!B465 -> 1.2657534 | C464: =EXP(-r_free*(('2_Discount_Factors'!B464+'2_Discount_Factors'!B465)/2)) -> 0.96277888 | D464: ='3_Survival_Probs'!D464 -> 0.98332315 | E464: ='3_Survival_Probs'!D465 -> 0.98326627 | F464: =D464-E464 -> 5.6882253e-05 | G464: =(1-recovery)*notional*C464*F464 -> 328.59019 | H464: =C464*(B464-1.24931506849315)*F464 -> 9.002471e-07
A465: 463 | B465: ='2_Discount_Factors'!B466 -> 1.2684932 | C465: =EXP(-r_free*(('2_Discount_Factors'!B465+'2_Discount_Factors'!B466)/2)) -> 0.96269975 | D465: ='3_Survival_Probs'!D465 -> 0.98326627 | E465: ='3_Survival_Probs'!D466 -> 0.98320939 | F465: =D465-E465 -> 5.6878963e-05 | G465: =(1-recovery)*notional*C465*F465 -> 328.54418 | H465: =C465*(B465-1.24931506849315)*F465 -> 1.0501412e-06
A466: 464 | B466: ='2_Discount_Factors'!B467 -> 1.2712329 | C466: =EXP(-r_free*(('2_Discount_Factors'!B466+'2_Discount_Factors'!B467)/2)) -> 0.96262063 | D466: ='3_Survival_Probs'!D466 -> 0.98320939 | E466: ='3_Survival_Probs'!D467 -> 0.98315251 | F466: =D466-E466 -> 5.6875672e-05 | G466: =(1-recovery)*notional*C466*F466 -> 328.49817 | H466: =C466*(B466-1.24931506849315)*F466 -> 1.1999933e-06
A467: 465 | B467: ='2_Discount_Factors'!B468 -> 1.2739726 | C467: =EXP(-r_free*(('2_Discount_Factors'!B467+'2_Discount_Factors'!B468)/2)) -> 0.96254151 | D467: ='3_Survival_Probs'!D467 -> 0.98315251 | E467: ='3_Survival_Probs'!D468 -> 0.98309564 | F467: =D467-E467 -> 5.6872382e-05 | G467: =(1-recovery)*notional*C467*F467 -> 328.45217 | H467: =C467*(B467-1.24931506849315)*F467 -> 1.3498035e-06
A468: 466 | B468: ='2_Discount_Factors'!B469 -> 1.2767123 | C468: =EXP(-r_free*(('2_Discount_Factors'!B468+'2_Discount_Factors'!B469)/2)) -> 0.9624624 | D468: ='3_Survival_Probs'!D468 -> 0.98309564 | E468: ='3_Survival_Probs'!D469 -> 0.98303877 | F468: =D468-E468 -> 5.6869092e-05 | G468: =(1-recovery)*notional*C468*F468 -> 328.40618 | H468: =C468*(B468-1.24931506849315)*F468 -> 1.4995716e-06
A469: 467 | B469: ='2_Discount_Factors'!B470 -> 1.2794521 | C469: =EXP(-r_free*(('2_Discount_Factors'!B469+'2_Discount_Factors'!B470)/2)) -> 0.9623833 | D469: ='3_Survival_Probs'!D469 -> 0.98303877 | E469: ='3_Survival_Probs'!D470 -> 0.98298191 | F469: =D469-E469 -> 5.6865803e-05 | G469: =(1-recovery)*notional*C469*F469 -> 328.36019 | H469: =C469*(B469-1.24931506849315)*F469 -> 1.6492978e-06
A470: 468 | B470: ='2_Discount_Factors'!B471 -> 1.2821918 | C470: =EXP(-r_free*(('2_Discount_Factors'!B470+'2_Discount_Factors'!B471)/2)) -> 0.9623042 | D470: ='3_Survival_Probs'!D470 -> 0.98298191 | E470: ='3_Survival_Probs'!D471 -> 0.98292504 | F470: =D470-E470 -> 5.6862513e-05 | G470: =(1-recovery)*notional*C470*F470 -> 328.31421 | H470: =C470*(B470-1.24931506849315)*F470 -> 1.798982e-06
... A548: 546 | B548: ='2_Discount_Factors'!B549 -> 1.4958904 | C548: =EXP(-r_free*(('2_Discount_Factors'!B548+'2_Discount_Factors'!B549)/2)) -> 0.95615465 | D548: ='3_Survival_Probs'!D548 -> 0.97855649 | E548: ='3_Survival_Probs'!D549 -> 0.97849989 | F548: =D548-E548 -> 5.6606517e-05 | G548: =(1-recovery)*notional*C548*F548 -> 324.7475 | H548: =C548*(B548-1.24931506849315)*F548 -> 1.3345788e-05
A549: 547 | B549: ='2_Discount_Factors'!B550 -> 1.4986301 | C549: =EXP(-r_free*(('2_Discount_Factors'!B549+'2_Discount_Factors'!B550)/2)) -> 0.95607606 | D549: ='3_Survival_Probs'!D549 -> 0.97849989 | E549: ='3_Survival_Probs'!D550 -> 0.97844328 | F549: =D549-E549 -> 5.6603242e-05 | G549: =(1-recovery)*notional*C549*F549 -> 324.70203 | H549: =C549*(B549-1.24931506849315)*F549 -> 1.3492185e-05 | I549: YES
A550: 548 | B550: ='2_Discount_Factors'!B551 -> 1.5013699 | C550: =EXP(-r_free*(('2_Discount_Factors'!B550+'2_Discount_Factors'!B551)/2)) -> 0.95599748 | D550: ='3_Survival_Probs'!D550 -> 0.97844328 | E550: ='3_Survival_Probs'!D551 -> 0.97838668 | F550: =D550-E550 -> 5.6599968e-05 | G550: =(1-recovery)*notional*C550*F550 -> 324.65656 | H550: =C550*(B550-1.4986301369863)*F550 -> 1.48245e-07
A551: 549 | B551: ='2_Discount_Factors'!B552 -> 1.5041096 | C551: =EXP(-r_free*(('2_Discount_Factors'!B551+'2_Discount_Factors'!B552)/2)) -> 0.95591891 | D551: ='3_Survival_Probs'!D551 -> 0.97838668 | E551: ='3_Survival_Probs'!D552 -> 0.97833009 | F551: =D551-E551 -> 5.6596694e-05 | G551: =(1-recovery)*notional*C551*F551 -> 324.6111 | H551: =C551*(B551-1.4986301369863)*F551 -> 2.9644849e-07
A552: 550 | B552: ='2_Discount_Factors'!B553 -> 1.5068493 | C552: =EXP(-r_free*(('2_Discount_Factors'!B552+'2_Discount_Factors'!B553)/2)) -> 0.95584034 | D552: ='3_Survival_Probs'!D552 -> 0.97833009 | E552: ='3_Survival_Probs'!D553 -> 0.97827349 | F552: =D552-E552 -> 5.659342e-05 | G552: =(1-recovery)*notional*C552*F552 -> 324.56564 | H552: =C552*(B552-1.4986301369863)*F552 -> 4.4461047e-07
A553: 551 | B553: ='2_Discount_Factors'!B554 -> 1.509589 | C553: =EXP(-r_free*(('2_Discount_Factors'!B553+'2_Discount_Factors'!B554)/2)) -> 0.95576179 | D553: ='3_Survival_Probs'!D553 -> 0.97827349 | E553: ='3_Survival_Probs'!D554 -> 0.9782169 | F553: =D553-E553 -> 5.6590146e-05 | G553: =(1-recovery)*notional*C553*F553 -> 324.52019 | H553: =C553*(B553-1.4986301369863)*F553 -> 5.9273095e-07
A554: 552 | B554: ='2_Discount_Factors'!B555 -> 1.5123288 | C554: =EXP(-r_free*(('2_Discount_Factors'!B554+'2_Discount_Factors'!B555)/2)) -> 0.95568323 | D554: ='3_Survival_Probs'!D554 -> 0.9782169 | E554: ='3_Survival_Probs'!D555 -> 0.97816032 | F554: =D554-E554 -> 5.6586872e-05 | G554: =(1-recovery)*notional*C554*F554 -> 324.47475 | H554: =C554*(B554-1.4986301369863)*F554 -> 7.4080993e-07
A555: 553 | B555: ='2_Discount_Factors'!B556 -> 1.5150685 | C555: =EXP(-r_free*(('2_Discount_Factors'!B555+'2_Discount_Factors'!B556)/2)) -> 0.95560469 | D555: ='3_Survival_Probs'!D555 -> 0.97816032 | E555: ='3_Survival_Probs'!D556 -> 0.97810373 | F555: =D555-E555 -> 5.6583599e-05 | G555: =(1-recovery)*notional*C555*F555 -> 324.42931 | H555: =C555*(B555-1.4986301369863)*F555 -> 8.8884744e-07
A556: 554 | B556: ='2_Discount_Factors'!B557 -> 1.5178082 | C556: =EXP(-r_free*(('2_Discount_Factors'!B556+'2_Discount_Factors'!B557)/2)) -> 0.95552615 | D556: ='3_Survival_Probs'!D556 -> 0.97810373 | E556: ='3_Survival_Probs'!D557 -> 0.97804715 | F556: =D556-E556 -> 5.6580326e-05 | G556: =(1-recovery)*notional*C556*F556 -> 324.38388 | H556: =C556*(B556-1.4986301369863)*F556 -> 1.0368435e-06
A557: 555 | B557: ='2_Discount_Factors'!B558 -> 1.5205479 | C557: =EXP(-r_free*(('2_Discount_Factors'!B557+'2_Discount_Factors'!B558)/2)) -> 0.95544761 | D557: ='3_Survival_Probs'!D557 -> 0.97804715 | E557: ='3_Survival_Probs'!D558 -> 0.97799058 | F557: =D557-E557 -> 5.6577053e-05 | G557: =(1-recovery)*notional*C557*F557 -> 324.33846 | H557: =C557*(B557-1.4986301369863)*F557 -> 1.184798e-06
A558: 556 | B558: ='2_Discount_Factors'!B559 -> 1.5232877 | C558: =EXP(-r_free*(('2_Discount_Factors'!B558+'2_Discount_Factors'!B559)/2)) -> 0.95536909 | D558: ='3_Survival_Probs'!D558 -> 0.97799058 | E558: ='3_Survival_Probs'!D559 -> 0.977934 | F558: =D558-E558 -> 5.657378e-05 | G558: =(1-recovery)*notional*C558*F558 -> 324.29304 | H558: =C558*(B558-1.4986301369863)*F558 -> 1.3327111e-06
A559: 557 | B559: ='2_Discount_Factors'!B560 -> 1.5260274 | C559: =EXP(-r_free*(('2_Discount_Factors'!B559+'2_Discount_Factors'!B560)/2)) -> 0.95529057 | D559: ='3_Survival_Probs'!D559 -> 0.977934 | E559: ='3_Survival_Probs'!D560 -> 0.97787743 | F559: =D559-E559 -> 5.6570507e-05 | G559: =(1-recovery)*notional*C559*F559 -> 324.24763 | H559: =C559*(B559-1.4986301369863)*F559 -> 1.4805828e-06
A560: 558 | B560: ='2_Discount_Factors'!B561 -> 1.5287671 | C560: =EXP(-r_free*(('2_Discount_Factors'!B560+'2_Discount_Factors'!B561)/2)) -> 0.95521205 | D560: ='3_Survival_Probs'!D560 -> 0.97787743 | E560: ='3_Survival_Probs'!D561 -> 0.97782086 | F560: =D560-E560 -> 5.6567235e-05 | G560: =(1-recovery)*notional*C560*F560 -> 324.20223 | H560: =C560*(B560-1.4986301369863)*F560 -> 1.628413e-06
A561: 559 | B561: ='2_Discount_Factors'!B562 -> 1.5315068 | C561: =EXP(-r_free*(('2_Discount_Factors'!B561+'2_Discount_Factors'!B562)/2)) -> 0.95513355 | D561: ='3_Survival_Probs'!D561 -> 0.97782086 | E561: ='3_Survival_Probs'!D562 -> 0.9777643 | F561: =D561-E561 -> 5.6563963e-05 | G561: =(1-recovery)*notional*C561*F561 -> 324.15683 | H561: =C561*(B561-1.4986301369863)*F561 -> 1.7762018e-06
... A639: 637 | B639: ='2_Discount_Factors'!B640 -> 1.7452055 | C639: =EXP(-r_free*(('2_Discount_Factors'!B639+'2_Discount_Factors'!B640)/2)) -> 0.94902981 | D639: ='3_Survival_Probs'!D639 -> 0.97341869 | E639: ='3_Survival_Probs'!D640 -> 0.97336238 | F639: =D639-E639 -> 5.630931e-05 | G639: =(1-recovery)*notional*C639*F639 -> 320.63528 | H639: =C639*(B639-1.4986301369863)*F639 -> 1.3176792e-05
A640: 638 | B640: ='2_Discount_Factors'!B641 -> 1.7479452 | C640: =EXP(-r_free*(('2_Discount_Factors'!B640+'2_Discount_Factors'!B641)/2)) -> 0.94895181 | D640: ='3_Survival_Probs'!D640 -> 0.97336238 | E640: ='3_Survival_Probs'!D641 -> 0.97330607 | F640: =D640-E640 -> 5.6306053e-05 | G640: =(1-recovery)*notional*C640*F640 -> 320.59038 | H640: =C640*(B640-1.4986301369863)*F640 -> 1.3321336e-05 | I640: YES
...

Sheet 5_Pricing_Summary
A1: CDS PRICING SUMMARY — All values via Excel formulas from Sheets 2-4
A2: Tenor | B2: Protection Leg ($) | C2: Model Spread(bps) | D2: Mkt Spread(bps) | E2: Error(bps) | F2: RPV01(yrs) | G2: CS01($) | H2: Q(end)
A3: 6m | B3: =SUM('4_Daily_Contributions'!G3:G185) -> 34498.936 | C3: =B3/(F3*notional)*10000 -> 69.999913 | D3: ='1_Inputs'!E3 -> 70 | E3: =C3-D3 -> -8.6564966e-05 | F3: =(0.25*'3_Survival_Probs'!D97*'2_Discount_Factors'!C97+0.25*'3_Survival_Probs'!D188*'2_Discount_Factors'!C188)+SUM('4_Daily_Contributions'!H3:H185) -> 0.49284255 | G3: =F3*notional/10000 -> 492.84255 | H3: ='3_Survival_Probs'!D186 -> 0.99420687
A4: 1y | B4: =SUM('4_Daily_Contributions'!G3:G367) -> 66222.951 | C4: =B4/(F4*notional)*10000 -> 89.999383 | D4: ='1_Inputs'!E4 -> 90 | E4: =C4-D4 -> -0.00061691767 | F4: =(0.25*'3_Survival_Probs'!D97*'2_Discount_Factors'!C97+0.25*'3_Survival_Probs'!D188*'2_Discount_Factors'!C188+0.25*'3_Survival_Probs'!D279*'2_Discount_Factors'!C279)+SUM('4_Daily_Contributions'!H3:H367) -> 0.73581561 | G4: =F4*notional/10000 -> 735.81561 | H4: ='3_Survival_Probs'!D368 -> 0.9887992
A5: 2y | B5: =SUM('4_Daily_Contributions'!G3:G732) -> 184735.5 | C5: =B5/(F5*notional)*10000 -> 110 | D5: ='1_Inputs'!E5 -> 110 | E5: =C5-D5 -> -1.5704804e-06 | F5: =(0.25*'3_Survival_Probs'!D97*'2_Discount_Factors'!C97+0.25*'3_Survival_Probs'!D188*'2_Discount_Factors'!C188+0.25*'3_Survival_Probs'!D279*'2_Discount_Factors'!C279+0.25*'3_Survival_Probs'!D371*'2_Discount_Factors'!C371+0.25*'3_Survival_Probs'!D462*'2_Discount_Factors'!C462+0.25*'3_Survival_Probs'!D553*'2_Discount_Factors'!C553+0.25*'3_Survival_Probs'!D644*'2_Discount_Factors'!C644)+SUM('4_Daily_Contributions'!H3:H732) -> 1.6794136 | G5: =F5*notional/10000 -> 1679.4136 | H5: ='3_Survival_Probs'!D733 -> 0.96813982
A6: 3y | B6: =SUM('4_Daily_Contributions'!G3:G1097) -> 334669.35 | C6: =B6/(F6*notional)*10000 -> 130 | D6: ='1_Inputs'!E6 -> 130 | E6: =C6-D6 -> -2.9603178e-06 | F6: =(0.25*'3_Survival_Probs'!D97*'2_Discount_Factors'!C97+0.25*'3_Survival_Probs'!D188*'2_Discount_Factors'!C188+0.25*'3_Survival_Probs'!D279*'2_Discount_Factors'!C279+0.25*'3_Survival_Probs'!D371*'2_Discount_Factors'!C371+0.25*'3_Survival_Probs'!D462*'2_Discount_Factors'!C462+0.25*'3_Survival_Probs'!D553*'2_Discount_Factors'!C553+0.25*'3_Survival_Probs'!D644*'2_Discount_Factors'!C644+0.25*'3_Survival_Probs'!D736*'2_Discount_Factors'!C736+0.25*'3_Survival_Probs'!D827*'2_Discount_Factors'!C827+0.25*'3_Survival_Probs'!D918*'2_Discount_Factors'!C918+0.25*'3_Survival_Probs'!D1009*'2_Discount_Factors'!C1009)+SUM('4_Daily_Contributions'!H3:H1097) -> 2.5743796 | G6: =F6*notional/10000 -> 2574.3796 | H6: ='3_Survival_Probs'!D1098 -> 0.94120751
A7: 5y | B7: =SUM('4_Daily_Contributions'!G3:G1827) -> 631872.59 | C7: =B7/(F7*notional)*10000 -> 149.99998 | D7: ='1_Inputs'!E7 -> 150 | E7: =C7-D7 -> -1.8140978e-05 | F7: =(0.25*'3_Survival_Probs'!D97*'2_Discount_Factors'!C97+0.25*'3_Survival_Probs'!D188*'2_Discount_Factors'!C188+0.25*'3_Survival_Probs'!D279*'2_Discount_Factors'!C279+0.25*'3_Survival_Probs'!D371*'2_Discount_Factors'!C371+0.25*'3_Survival_Probs'!D462*'2_Discount_Factors'!C462+0.25*'3_Survival_Probs'!D553*'2_Discount_Factors'!C553+0.25*'3_Survival_Probs'!D644*'2_Discount_Factors'!C644+0.25*'3_Survival_Probs'!D736*'2_Discount_Factors'!C736+0.25*'3_Survival_Probs'!D827*'2_Discount_Factors'!C827+0.25*'3_Survival_Probs'!D918*'2_Discount_Factors'!C918+0.25*'3_Survival_Probs'!D1009*'2_Discount_Factors'!C1009+0.25*'3_Survival_Probs'!D1101*'2_Discount_Factors'!C1101+0.25*'3_Survival_Probs'!D1192*'2_Discount_Factors'!C1192+0.25*'3_Survival_Probs'!D1283*'2_Discount_Factors'!C1283+0.25*'3_Survival_Probs'!D1374*'2_Discount_Factors'!C1374+0.25*'3_Survival_Probs'!D1466*'2_Discount_Factors'!C1466+0.25*'3_Survival_Probs'!D1557*'2_Discount_Factors'!C1557+0.25*'3_Survival_Probs'!D1648*'2_Discount_Factors'!C1648+0.25*'3_Survival_Probs'!D1739*'2_Discount_Factors'!C1739)+SUM('4_Daily_Contributions'!H3:H1827) -> 4.2124844 | G7: =F7*notional/10000 -> 4212.4844 | H7: ='3_Survival_Probs'!D1828 -> 0.88538367
A9: Protection Leg = SUM of daily contributions from Sheet 4. RPV01 = quarterly premium sum × Q(t) × df(t) + accrual sum. Model Spread = Protection Leg / (RPV01 × N) × 10000 in bps. Error should be <0.001bps when λ values are correctly calibrated. If error is large: use Solver on Sheet 1 to recalibrate λ.

Sheet 6_Curve_Summary
A1: SURVIVAL & HAZARD RATE CURVE — Key Dates Summary
A2: Tenor | B2: Day | C2: t (yrs) | D2: Q(t) | E2: Cum Def Prob | F2: λ applicable
A3: 3m | B3: 91 | C3: ='3_Survival_Probs'!B94 -> 0.24931507 | D3: ='3_Survival_Probs'!D94 -> 0.99711506 | E3: =1-D3 -> 0.0028849442 | F3: ='3_Survival_Probs'!C94 -> 0.011588203
A4: 6m | B4: 182 | C4: ='3_Survival_Probs'!B185 -> 0.49863014 | D4: ='3_Survival_Probs'!D185 -> 0.99423843 | E4: =1-D4 -> 0.0057615656 | F4: ='3_Survival_Probs'!C185 -> 0.011588203
A5: 9m | B5: 273 | C5: ='3_Survival_Probs'!B276 -> 0.74794521 | D5: ='3_Survival_Probs'!D276 -> 0.99152906 | E5: =1-D5 -> 0.0084709411 | F5: ='3_Survival_Probs'!C276 -> 0.010938026
A6: 1y | B6: 365 | C6: ='3_Survival_Probs'!B368 -> 1 | D6: ='3_Survival_Probs'!D368 -> 0.9887992 | E6: =1-D6 -> 0.011200804 | F6: ='3_Survival_Probs'!C368 -> 0.010938026
A7: 18m | B7: 547 | C7: ='3_Survival_Probs'!B550 -> 1.4986301 | D7: ='3_Survival_Probs'!D550 -> 0.97844328 | E7: =1-D7 -> 0.021556716 | F7: ='3_Survival_Probs'!C550 -> 0.02111475
A8: 2y | B8: 730 | C8: ='3_Survival_Probs'!B733 -> 2 | D8: ='3_Survival_Probs'!D733 -> 0.96813982 | E8: =1-D8 -> 0.031860176 | F8: ='3_Survival_Probs'!C733 -> 0.02111475
A9: 3y | B9: 1095 | C9: ='3_Survival_Probs'!B1098 -> 3 | D9: ='3_Survival_Probs'!D1098 -> 0.94120751 | E9: =1-D9 -> 0.058792487 | F9: ='3_Survival_Probs'!C1098 -> 0.028212884
A10: 4y | B10: 1460 | C10: ='3_Survival_Probs'!B1463 -> 4 | D10: ='3_Survival_Probs'!D1463 -> 0.91286897 | E10: =1-D10 -> 0.087131028 | F10: ='3_Survival_Probs'!C1463 -> 0.030571282
A11: 5y | B11: 1825 | C11: ='3_Survival_Probs'!B1828 -> 5 | D11: ='3_Survival_Probs'!D1828 -> 0.88538367 | E11: =1-D11 -> 0.11461633 | F11: ='3_Survival_Probs'!C1828 -> 0.030571282
A14: HAZARD RATE CURVE
A15: Segment | B15: λ (decimal) | C15: λ (bps) | D15: Mkt Spread(bps) | E15: Approx S=λ×(1−R) | F15: Q at segment end
A16: 0→6m | B16: ='1_Inputs'!H3 -> 0.011588203 | C16: =B16*10000 -> 115.88203 | D16: ='1_Inputs'!E3 -> 70 | E16: =B16*(1-recovery)*10000 -> 69.52922 | F16: ='3_Survival_Probs'!D186 -> 0.99420687
A17: 6m→1y | B17: ='1_Inputs'!H4 -> 0.010938026 | C17: =B17*10000 -> 109.38026 | D17: ='1_Inputs'!E4 -> 90 | E17: =B17*(1-recovery)*10000 -> 65.628156 | F17: ='3_Survival_Probs'!D368 -> 0.9887992
A18: 1→2y | B18: ='1_Inputs'!H5 -> 0.02111475 | C18: =B18*10000 -> 211.1475 | D18: ='1_Inputs'!E5 -> 110 | E18: =B18*(1-recovery)*10000 -> 126.6885 | F18: ='3_Survival_Probs'!D733 -> 0.96813982
A19: 2→3y | B19: ='1_Inputs'!H6 -> 0.028212884 | C19: =B19*10000 -> 282.12884 | D19: ='1_Inputs'!E6 -> 130 | E19: =B19*(1-recovery)*10000 -> 169.2773 | F19: ='3_Survival_Probs'!D1098 -> 0.94120751
A20: 3→5y | B20: ='1_Inputs'!H7 -> 0.030571282 | C20: =B20*10000 -> 305.71282 | D20: ='1_Inputs'!E7 -> 150 | E20: =B20*(1-recovery)*10000 -> 183.42769 | F20: ='3_Survival_Probs'!D1828 -> 0.88538367
A22: CHART DATA
A23: Tenor | B23: Q(t) | C23: Cum Def Prob(%)
A24: 0 | B24: 1 | C24: 0
A25: 3m | B25: ='3_Survival_Probs'!D94 -> 0.99711506 | C25: =(1-B25)*100 -> 0.28849442
A26: 6m | B26: ='3_Survival_Probs'!D185 -> 0.99423843 | C26: =(1-B26)*100 -> 0.57615656
A27: 1y | B27: ='3_Survival_Probs'!D368 -> 0.9887992 | C27: =(1-B27)*100 -> 1.1200804
A28: 2y | B28: ='3_Survival_Probs'!D733 -> 0.96813982 | C28: =(1-B28)*100 -> 3.1860176
A29: 3y | B29: ='3_Survival_Probs'!D1098 -> 0.94120751 | C29: =(1-B29)*100 -> 5.8792487
A30: 4y | B30: ='3_Survival_Probs'!D1463 -> 0.91286897 | C30: =(1-B30)*100 -> 8.7131028
A31: 5y | B31: ='3_Survival_Probs'!D1828 -> 0.88538367 | C31: =(1-B31)*100 -> 11.461633
